ms,fsr,ax,ay,az,gx,gy,gz,tx100,ty100,tx,ty,label,fsr_slope
5407,0,-14320,-6250,-1278,-7,-263,-371,3570,1815,35.7,18.15,0,0.0
5456,0,-15276,-5558,1536,2216,950,-241,3752,1843,37.52,18.43,0,0.0
5506,0,-14924,-5922,-3044,-871,72,73,3856,1886,38.56,18.86,0,0.0
5556,0,-14464,-6796,-4278,-340,294,-42,3870,1968,38.7,19.68,0,0.0
5606,0,-14634,-6204,-2010,-217,620,-115,3957,2016,39.57,20.16,0,0.0
5656,-1,-14090,-6902,-6256,-251,-254,56,3889,2077,38.89,20.77,0,0.0
5706,0,-14574,-6138,-2180,323,-347,11,3972,2105,39.72,21.05,0,0.0
5756,0,-14398,-5738,-3094,113,-1539,207,4039,2110,40.39,21.1,0,0.0
5806,0,-14172,-6114,-2218,677,-1633,212,4091,2141,40.91,21.41,0,0.0
5856,0,-13366,-6546,-5384,-212,-28,562,4019,2188,40.19,21.88,0,0.0
5906,0,-15616,-2390,5444,3989,5077,533,4132,1984,41.32,19.84,0,0.0
5956,0,-16622,-8672,538,-1605,-1250,-504,4131,2000,41.31,20.0,0,0.0
6006,0,-21652,-8790,2880,124,1241,-906,4131,2000,41.31,20.0,0,0.0
6056,-1,-12516,-8892,-1600,198,1834,1737,4114,2030,41.14,20.3,0,0.0
6106,0,-10914,-7850,-4034,-5,1483,1112,4091,2058,40.91,20.58,0,0.0
6156,0,-15414,-6184,-3808,769,303,398,4127,2070,41.27,20.7,0,0.0
6206,0,-15144,-8570,-4282,371,512,270,4116,2086,41.16,20.86,0,0.0
6256,0,-13684,-5540,-4304,-68,-523,50,4117,2086,41.17,20.86,0,0.0
6306,0,-13982,-4778,-1704,-232,-1893,356,4132,2082,41.32,20.82,0,0.0
6356,0,-12900,-4966,-1832,57,-1200,116,4141,2082,41.41,20.82,0,0.0015037593984962407
6406,0,-15766,-5226,1604,804,-856,-8,4261,2045,42.61,20.45,0,0.004511278195488722
6456,0,-14838,-5728,1884,532,-1214,-96,4318,2054,43.18,20.54,0,0.007518796992481203
6506,0,-14614,-5498,3856,588,-2294,-137,4328,2047,43.28,20.47,0,0.010526315789473684
6556,0,-12850,-1032,3146,981,-983,-925,4329,2045,43.29,20.45,0,0.013533834586466165
6606,0,-15438,-5092,15680,2701,330,-808,4327,2044,43.27,20.44,0,0.016541353383458645
6656,0,-14084,-8878,-2994,3,-1106,565,4201,2214,42.01,22.14,0,0.0037593984962406013
6706,0,-14450,-6630,7584,522,28,476,4184,2214,41.84,22.14,0,0.005263157894736842
6756,0,-11572,-5078,8130,986,444,-176,4158,2209,41.58,22.09,0,0.006766917293233083
6806,0,-14386,-6418,3582,312,1596,-335,4156,2230,41.56,22.3,0,0.008270676691729323
6856,0,-16604,-5284,3368,1659,-577,652,4169,2220,41.69,22.2,0,0.009774436090225564
6906,0,-13328,-2682,5278,1659,-1695,823,4175,2197,41.75,21.97,0,0.011278195488721804
6956,0,-13304,-3604,7658,1818,-2553,-209,4089,2067,40.89,20.67,0,0.012781954887218045
7006,0,-15058,-454,8722,1719,-5025,661,4084,2029,40.84,20.29,0,0.014285714285714285
7056,0,-8366,-1468,13876,1886,-4810,-1479,3614,1804,36.14,18.04,0,0.0
7106,0,-5590,4234,14004,3782,-3570,69,3063,1299,30.63,12.99,0,0.0
7156,0,-1894,-684,31516,1416,-2030,-2871,3058,1298,30.58,12.98,0,0.0
7206,-1,-998,3172,7584,1381,2213,-3903,3054,1294,30.54,12.94,0,-0.014285714285714285
7256,0,-10794,3146,5672,-2705,3559,160,3054,1292,30.54,12.92,0,-0.012781954887218045
7306,0,-7286,3176,22524,3271,4092,-871,3051,1289,30.51,12.89,0,-0.011278195488721804
7356,0,-6676,3774,14482,-1623,2080,1187,2632,898,26.32,8.98,0,-0.009774436090225564
7406,0,-14182,-32,16648,125,-1094,785,2631,897,26.31,8.97,0,-0.008270676691729323
7456,-1,-9106,2172,14586,345,-874,217,2599,864,25.99,8.64,0,-0.021052631578947368
7506,0,-5956,3626,9450,-984,-1248,-951,2597,862,25.97,8.62,0,-0.01804511278195489
7556,0,-7506,4710,16240,1278,-2849,-457,2550,815,25.5,8.15,0,-0.015037593984962405
7606,0,-6568,5578,18526,-734,243,-560,2547,813,25.47,8.13,0,-0.012030075187969926
7656,0,-5720,3496,16620,-983,-274,-205,2491,774,24.91,7.74,0,-0.009022556390977444
7706,0,-5464,1872,16930,-1497,-419,-1043,2433,747,24.33,7.47,0,-0.006015037593984963
7756,0,-2552,-546,18110,-2750,786,400,2358,736,23.58,7.36,0,-0.0030075187969924814
7806,0,-7250,-810,2892,-6294,-938,729,2360,735,23.6,7.35,0,0.0
7856,-1,-2218,-1516,9054,1421,4714,-694,2357,736,23.57,7.36,0,-0.011278195488721804
7906,0,-226,588,11614,-2078,-2127,1332,2352,735,23.52,7.35,0,-0.006766917293233083
7956,0,-7140,3140,14664,3651,688,1842,2059,462,20.59,4.62,0,-0.002255639097744361
8006,-1,-2894,2798,19998,2658,-2878,551,2056,461,20.56,4.61,0,-0.012030075187969926
8056,0,-5886,3894,22120,82,-407,-242,2053,460,20.53,4.6,0,-0.006015037593984963
8106,0,-2192,-4550,12524,-4373,1898,690,2050,461,20.5,4.61,0,0.0
8156,0,-6220,-6644,12360,1897,738,367,2014,503,20.14,5.03,0,0.006015037593984963
8206,0,934,3196,16146,583,2922,-1673,1341,261,13.41,2.61,0,-0.0037593984962406013
8256,0,-4086,1172,19318,-122,-1142,-87,1338,261,13.38,2.61,0,0.0007518796992481203
8306,0,-4212,3176,25742,615,939,366,1336,260,13.36,2.6,0,0.005263157894736842
8356,0,-3904,-1278,15394,-139,-243,268,1026,291,10.26,2.91,0,0.009774436090225564
8406,0,-3152,238,15502,1,-121,-55,722,236,7.22,2.36,0,0.014285714285714285
8456,0,-2546,52,16972,-127,-114,-42,420,199,4.2,1.99,0,0.0030075187969924814
8506,0,-2856,-5256,3552,644,-4719,579,419,204,4.19,2.04,0,0.006015037593984963
8556,0,-36,208,18042,-561,251,-351,368,198,3.68,1.98,0,0.009022556390977444
8606,1,-2142,-1128,19428,432,88,820,366,199,3.66,1.99,0,0.02631578947368421
8656,1,-1630,-2710,13500,108,106,-8,365,199,3.65,1.99,0,0.042105263157894736
8706,216,-842,-80,17896,129,377,-53,320,196,3.2,1.96,0,3.1278195488721803
8756,563,-760,-2398,18538,-24,-236,-58,275,207,2.75,2.07,0,10.845864661654135
8806,840,-1414,-986,18366,36,-110,55,235,209,2.35,2.09,0,21.674436090225562
8856,422,-1850,-1872,19396,391,324,160,234,210,2.34,2.1,0,25.25263157894737
8906,1,-1084,730,18006,291,597,-642,193,201,1.93,2.01,0,22.19624060150376
8956,2,-4684,-2822,13480,-155,-64,-63,184,219,1.84,2.19,0,19.152631578947368
9007,147,-616,-234,19242,79,-992,-42,181,219,1.81,2.19,0,18.161654135338345
9056,612,-1086,-2232,17206,221,-216,158,142,230,1.42,2.3,0,23.606766917293232
9106,572,-152,472,17024,359,-59,257,-193,173,-1.93,1.73,0,27.56015037593985
9156,454,-444,1290,16076,-86,-5,-98,-462,79,-4.62,0.79,0,28.967669172932332
9206,503,-754,-200,16944,46,-9,-117,-677,79,-6.77,0.79,0,30.39248120300752
9256,1531,-1216,-322,17290,-70,425,-166,-698,79,-6.98,0.79,0,45.74661654135338
9306,6780,-1072,-538,18152,79,-374,-120,-720,81,-7.2,0.81,-1,133.7842105263158
9356,11658,-1106,-1630,16526,110,-340,-134,-877,155,-8.77,1.55,-1,281.312030075188
9406,15229,-556,-580,16740,423,-828,-36,-1039,162,-10.39,1.62,1,462.3233082706767
9456,17001,1888,284,17788,615,-528,-63,-1074,158,-10.74,1.58,1,645.7481203007519
9506,18239,624,1354,17650,602,-60,-158,-1099,146,-10.99,1.46,1,821.2932330827068
9556,19317,1046,2070,17712,841,-10,-103,-1127,130,-11.27,1.3,1,984.8112781954887
9606,20133,610,2322,17902,861,-168,-66,-1151,113,-11.51,1.13,1,1130.9541353383458
9656,20652,1616,3204,17966,1068,-172,-67,-1181,90,-11.81,0.9,1,1254.2375939849624
9706,21081,642,5034,17712,944,362,-293,-1204,57,-12.04,0.57,1,1355.9902255639097
9756,21325,352,5280,17664,1201,222,-341,-1225,23,-12.25,0.23,1,1435.3315789473684
9806,21745,-1226,4234,18536,2253,-208,-274,-1226,21,-12.26,0.21,1,1493.8255639097745
9856,22231,1208,10130,15056,3325,-873,-73,-1252,-46,-12.52,-0.46,1,1521.2263157894736
9906,22663,1506,10476,14656,3877,-510,-379,-1280,-115,-12.8,-1.15,1,1515.3556390977444
9956,22888,858,10666,10674,1534,94,-375,-1303,-203,-13.03,-2.03,1,1478.6368421052632
10006,22922,814,12008,9936,441,394,-124,-1475,-925,-14.75,-9.25,1,1410.2781954887218
10056,22793,472,12968,13576,724,531,-147,-1491,-994,-14.91,-9.94,1,1313.1706766917293
10106,22780,-1128,14280,10780,796,806,-650,-1497,-1080,-14.97,-10.8,1,1181.890977443609
10156,22526,-292,14572,10676,1975,86,-426,-1508,-1165,-15.08,-11.65,1,1011.724060150376
10206,23006,-1128,11580,-21478,6949,435,-1179,-1509,-1167,-15.09,-11.67,1,815.996992481203
10256,23107,-2800,15750,3210,1742,327,-737,-1456,-2114,-14.56,-21.14,1,604.1052631578947
10306,23115,-3756,14038,2878,1821,41,-40,-1441,-2214,-14.41,-22.14,1,442.76165413533835
10356,23178,-1176,15290,-52,1775,420,-214,-1446,-2341,-14.46,-23.41,1,334.7751879699248
10406,23310,-4614,14478,-1514,1935,445,-578,-1425,-2436,-14.25,-24.36,1,267.73533834586465
10456,23375,-2736,15410,-3756,1698,465,-594,-1386,-3168,-13.86,-31.68,1,217.45112781954887
10506,23378,-3958,15204,-6936,1443,404,-800,-1301,-3626,-13.01,-36.26,1,177.17218045112782
10556,23416,-5218,13566,-6644,1207,306,-425,-1142,-3952,-11.42,-39.52,1,146.72932330827066
10606,23432,-4736,12724,-6992,854,239,-456,-1126,-3985,-11.26,-39.85,1,123.23533834586466
10656,23454,-4178,12238,-9654,349,184,-352,-1054,-4126,-10.54,-41.26,1,103.28947368421052
10706,23495,-5664,11580,-8026,205,48,-40,-1032,-4143,-10.32,-41.43,-1,86.48947368421052
10756,23438,-4666,12840,-8722,-326,49,-77,-948,-4306,-9.48,-43.06,-1,69.09774436090225
10806,23319,-5090,12232,-9150,-502,-111,116,-852,-4400,-8.52,-44.0,-1,53.46015037593985
10856,23086,-5504,13932,-7456,-1168,-218,107,-758,-4584,-7.58,-45.84,-1,39.80075187969925
10906,22750,-4098,12714,-7402,-1221,-361,193,-755,-4605,-7.55,-46.05,-1,26.87669172932331
10956,22341,-5942,13434,-5480,-1801,-109,159,-629,-4797,-6.29,-47.97,-1,11.531578947368422
11006,21956,-4386,14694,-2714,-1947,-385,431,-612,-5136,-6.12,-51.36,-1,-7.954135338345865
11056,21571,-4456,15170,-1902,-2231,-260,369,-598,-5449,-5.98,-54.49,-1,-33.52406015037594
11106,21154,-2856,15576,54,-1998,-240,559,-675,-5824,-6.75,-58.24,-1,-63.418796992481205
11156,20840,-4012,15680,3290,-1921,-121,186,-685,-6025,-6.85,-60.25,-1,-99.36466165413533
11206,20498,-3206,15586,3838,-1392,-287,342,-735,-6203,-7.35,-62.03,0,-130.08195488721805
11256,20250,-3554,15502,6234,-1466,-253,194,-766,-6248,-7.66,-62.48,0,-158.97593984962407
11306,20057,-2510,15524,5926,-1019,-344,314,-845,-6322,-8.45,-63.22,0,-186.2045112781955
11356,19994,-2544,15050,7254,-924,-209,265,-910,-6316,-9.1,-63.16,0,-208.73984962406016
11406,19706,-1774,15106,6530,-811,-121,283,-1004,-6356,-10.04,-63.56,0,-228.5172932330827
11456,19024,-2290,13514,8838,-1077,-66,117,-1054,-6240,-10.54,-62.4,0,-251.59172932330827
11506,17114,-1536,13682,7974,-1179,-15,13,-1135,-6193,-11.35,-61.93,0,-295.36165413533837
11556,15700,-2446,11900,10432,-1372,10,67,-1155,-5982,-11.55,-59.82,0,-349.312030075188
11606,14382,-1536,11958,9820,-1656,31,222,-1163,-5963,-11.63,-59.63,0,-410.23533834586465
11656,13989,-1554,11544,12418,-1232,72,166,-1232,-5708,-12.32,-57.08,0,-462.81654135338346
11706,14134,-1652,11274,12290,-915,-38,175,-1285,-5484,-12.85,-54.84,0,-498.4458646616541
11756,13832,-1078,11490,12378,-1270,42,158,-1359,-5302,-13.59,-53.02,0,-525.2127819548872
11806,13010,-1592,8456,13964,-1240,-11,170,-1394,-4971,-13.94,-49.71,0,-551.1563909774436
11856,11717,-594,9692,13888,-1347,177,-12,-1477,-4747,-14.77,-47.47,-1,-583.7481203007519
11906,9389,-2008,6578,14808,-1210,168,-83,-1471,-4390,-14.71,-43.9,-1,-637.806015037594
11956,8528,-1636,6948,14308,-1008,-82,170,-1485,-4116,-14.85,-41.16,-1,-690.5300751879699
12006,8028,-1646,5228,17240,-634,-189,192,-1488,-4067,-14.88,-40.67,-1,-735.7045112781955
12056,7402,-734,5996,17610,-663,-155,74,-1496,-4023,-14.96,-40.23,-1,-774.9563909774436
12106,6514,-1774,4080,15558,-1313,-104,83,-1499,-3638,-14.99,-36.38,-1,-812.1714285714286
12156,5508,-784,4496,17216,-756,-125,103,-1507,-3594,-15.07,-35.94,-1,-846.7007518796993
12206,5652,-1274,3582,17610,-594,-109,51,-1512,-3545,-15.12,-35.45,-1,-861.5172932330827
12256,5405,-354,3874,17382,-447,-114,-16,-1522,-3499,-15.22,-34.99,-1,-861.4533834586466
12306,4822,-750,2390,17488,-652,-48,-48,-1530,-3444,-15.3,-34.44,-1,-850.4421052631579
12356,4928,-792,2468,18160,-534,124,-117,-1538,-3391,-15.38,-33.91,-1,-816.0015037593985
12406,4926,-1390,1304,17732,-206,59,-18,-1541,-3331,-15.41,-33.31,-1,-763.4812030075188
12456,4973,-940,1038,15286,-37,-122,64,-1546,-3272,-15.46,-32.72,-1,-698.8323308270677
12506,5611,-836,1448,16892,20,-64,25,-1594,-2853,-15.94,-28.53,-1,-634.0977443609023
12556,5831,-1014,1436,16810,-12,-11,8,-1625,-2497,-16.25,-24.97,-1,-571.2488721804511
12606,5376,-656,1442,16864,-66,-46,23,-1670,-2194,-16.7,-21.94,-1,-520.86992481203
12656,4858,-654,1456,16780,-56,16,-38,-1708,-1938,-17.08,-19.38,-1,-470.55338345864664
12706,4581,-820,1446,16854,-24,20,-28,-1733,-1720,-17.33,-17.2,-1,-408.1736842105263
12756,4565,-880,1232,16922,-64,8,-2,-1750,-1523,-17.5,-15.23,-1,-336.42556390977444
12806,4220,-848,942,16476,-76,-18,27,-1766,-1342,-17.66,-13.42,-1,-268.64962406015036
12856,4216,-864,1320,16868,-23,4,-7,-1779,-1206,-17.79,-12.06,-1,-208.12857142857143
12906,3999,-756,1332,16774,-51,7,12,-1796,-1092,-17.96,-10.92,-1,-176.18571428571428
12956,3961,-872,1078,16694,-65,14,4,-1804,-982,-18.04,-9.82,-1,-150.27518796992481
13006,4008,-1040,992,16750,-26,12,1,-1802,-884,-18.02,-8.84,-1,-124.7203007518797
13056,3899,-724,1126,16714,-28,-4,9,-1817,-808,-18.17,-8.08,-1,-104.56165413533834
13106,3964,-920,1024,16722,-6,-15,3,-1819,-738,-18.19,-7.38,-1,-92.22781954887218
13156,4101,-832,1058,16784,-11,-23,9,-1826,-680,-18.26,-6.8,-1,-89.98646616541353
13206,4193,-840,1074,16732,-6,-24,24,-1831,-632,-18.31,-6.32,-1,-82.04135338345864
13256,4293,-846,1038,16814,-4,-23,11,-1835,-588,-18.35,-5.88,-1,-74.37368421052632
13306,4290,-800,1140,16798,-19,-23,17,-1841,-557,-18.41,-5.57,-1,-74.28195488721805
13356,4271,-762,1024,16750,-15,-17,21,-1848,-524,-18.48,-5.24,-1,-71.98796992481203
13406,4205,-850,984,16762,-11,28,9,-1850,-495,-18.5,-4.95,-1,-69.68045112781955
13456,4288,-714,1100,16734,-15,0,13,-1858,-476,-18.58,-4.76,-1,-64.3609022556391
13506,4325,-854,960,16728,-1,-6,11,-1857,-452,-18.57,-4.52,-1,-47.40902255639098
13556,4469,-800,1052,16824,-16,-6,10,-1860,-436,-18.6,-4.36,-1,-22.992481203007518
13606,4483,-800,1098,16644,-11,-14,14,-1862,-426,-18.62,-4.26,-1,-3.51203007518797
13656,4597,-752,992,16820,-3,-9,11,-1866,-411,-18.66,-4.11,-1,10.760902255639097
13706,4999,-738,972,16522,188,-151,50,-1870,-399,-18.7,-3.99,-1,26.79548872180451
13756,6966,-664,1142,16710,463,-356,54,-1878,-396,-18.78,-3.96,-1,70.04887218045113
13806,11071,-264,1694,16736,1051,-473,-38,-1905,-422,-19.05,-4.22,1,162.88721804511277
13856,15923,332,3336,17740,1145,-313,-11,-1912,-435,-19.12,-4.35,1,314.6744360902256
13906,18829,652,4390,17392,1095,70,-149,-1921,-454,-19.21,-4.54,1,486.9451127819549
13956,19968,808,5382,16648,1090,233,-250,-1930,-481,-19.3,-4.81,1,652.5864661654135
14006,20960,-232,4416,16700,1648,-190,-63,-1933,-501,-19.33,-5.01,1,809.0706766917293
14056,22064,-46,7936,14974,1323,-259,-150,-1963,-843,-19.63,-8.43,1,954.1135338345865
14106,22511,854,8054,14894,1316,-352,-73,-2034,-1141,-20.34,-11.41,1,1079.2526315789473
14156,22862,1080,9844,14128,1144,-18,-255,-2043,-1187,-20.43,-11.87,1,1183.678947368421
14206,23066,284,10624,13780,1444,-31,-284,-2047,-1239,-20.47,-12.39,1,1264.26015037594
14256,23262,42,11250,13376,2098,4,-327,-2050,-1294,-20.5,-12.94,1,1320.8398496240602
14306,23489,-1972,11888,12682,1672,230,-483,-2039,-1353,-20.39,-13.53,1,1352.0902255639098
14356,23510,802,14556,8682,1839,2,-366,-2095,-2035,-20.95,-20.35,1,1354.46992481203
14406,23588,-2596,12426,10390,1920,243,-416,-1967,-2467,-19.67,-24.67,1,1327.990977443609
14456,23623,-2152,15480,6074,1371,309,-530,-1883,-3107,-18.83,-31.07,1,1274.1751879699248
14506,23627,-1622,15822,5346,1162,15,-178,-1840,-3698,-18.4,-36.98,1,1191.9255639097744
14556,23644,-2196,14514,7230,1155,239,-321,-1770,-4079,-17.7,-40.79,1,1083.1669172932332
14606,23546,-336,16638,3396,940,394,-559,-1810,-4642,-18.1,-46.42,1,944.3947368421053
14656,23460,-3204,15110,3882,1444,430,-573,-1686,-5018,-16.86,-50.18,1,777.5278195488722
14706,23344,-3304,15104,3492,1178,364,-505,-1575,-5349,-15.75,-53.49,1,586.9857142857143
14756,23329,-5502,15102,684,1430,218,-421,-1361,-5593,-13.61,-55.93,1,399.7007518796992
14806,23345,-3896,15610,-1680,1305,335,-360,-1270,-5875,-12.7,-58.75,1,252.85413533834586
14856,23313,-4038,15468,-422,1241,340,-255,-1182,-6121,-11.82,-61.21,1,163.70375939849623
14906,23234,-4272,15558,-2410,1060,444,-378,-1099,-6289,-10.99,-62.89,1,108.19624060150376
14956,23147,-5408,13444,-3460,1437,548,-482,-1077,-6292,-10.77,-62.92,-1,62.80601503759399
15006,22964,-5284,14344,-3052,1270,630,-553,-941,-6351,-9.41,-63.51,-1,25.68421052631579
15056,22975,-5486,13466,-6848,1280,448,-419,-822,-6251,-8.22,-62.51,-1,3.137593984962406
15106,22919,-4700,12858,-6432,1195,427,-287,-813,-6242,-8.13,-62.42,-1,-14.521052631578947
15156,22885,-7224,12208,-7826,981,322,-333,-616,-6038,-6.16,-60.38,-1,-27.736842105263158
15206,22823,-4202,12788,-8408,1197,377,-229,-615,-5936,-6.15,-59.36,-1,-38.65187969924812
15256,22868,-6402,10738,-10076,757,195,-153,-492,-5674,-4.92,-56.74,-1,-45.46390977443609
15306,23001,-5860,10794,-12278,308,38,-42,-486,-5637,-4.86,-56.37,-1,-46.19924812030075
15356,22977,-5620,11074,-10572,-198,-117,39,-433,-5432,-4.33,-54.32,-1,-46.21203007518797
15406,22843,-5318,11612,-10356,-513,-98,46,-407,-5290,-4.07,-52.9,-1,-46.106015037593984
15456,22750,-5730,11282,-9962,-595,-53,-86,-355,-5162,-3.55,-51.62,-1,-45.65563909774436
15506,22709,-5462,11748,-9288,-695,-123,-17,-324,-5098,-3.24,-50.98,-1,-44.41503759398496
15556,22716,-6414,12592,-9314,-783,-139,-100,-263,-5053,-2.63,-50.53,-1,-41.42556390977444
15606,22695,-4796,12404,-10004,-1075,-257,114,-294,-5017,-2.94,-50.17,-1,-38.88796992481203
15656,22455,-7742,14286,-5348,-1406,-372,165,-169,-5112,-1.69,-51.12,-1,-39.857142857142854
15706,22166,-4318,14720,-6568,-1000,-428,184,-241,-5273,-2.41,-52.73,-1,-45.275187969924815
15756,22128,-6110,13888,-3810,-622,-425,487,-182,-5419,-1.82,-54.19,-1,-49.7015037593985
15806,22205,-6910,14366,-3204,-851,-285,182,-99,-5536,-0.99,-55.36,-1,-50.96917293233083
15856,22225,-5666,14480,-4580,-819,-313,229,-100,-5654,-1.0,-56.54,-1,-50.742105263157896
15906,22176,-5492,14712,-2526,-716,-381,435,-104,-5819,-1.04,-58.19,-1,-50.82631578947368
15956,22196,-5940,15814,-2762,-1075,-393,275,-106,-5957,-1.06,-59.57,-1,-50.407518796992484
16006,21906,-3620,15598,-2326,-965,-465,493,-218,-6181,-2.18,-61.81,-1,-55.59097744360902
16056,21485,-5140,15204,366,-1349,-382,315,-227,-6322,-2.27,-63.22,-1,-65.02406015037594
16106,20823,-3802,15098,878,-1131,-279,380,-304,-6505,-3.04,-65.05,-1,-82.5578947368421
16156,20250,-3864,15670,1622,-1107,-241,166,-373,-6653,-3.73,-66.53,0,-105.66240601503759
16206,19826,-4664,14446,5146,-1028,-351,116,-386,-6619,-3.86,-66.19,0,-131.8406015037594
16256,19460,-3594,15892,2912,-889,-71,206,-462,-6731,-4.62,-67.31,0,-158.0300751879699
16306,19554,-4096,14784,5550,-765,-179,225,-497,-6695,-4.97,-66.95,0,-175.65187969924813
16356,19549,-3666,15608,5066,-1058,-78,119,-555,-6712,-5.55,-67.12,0,-188.5406015037594
16406,19077,-3146,14718,6118,-1015,-178,299,-627,-6678,-6.27,-66.78,0,-205.1330827067669
16456,18598,-3340,14094,7252,-1123,-195,294,-676,-6582,-6.76,-65.82,0,-224.3736842105263
16506,17459,-2490,14026,7544,-1210,-271,376,-764,-6500,-7.64,-65.0,0,-254.28947368421052
16556,15616,-2118,13346,9004,-1752,-114,163,-859,-6353,-8.59,-63.53,0,-302.5285714285714
16606,12397,-1610,12600,10396,-1571,60,254,-968,-6151,-9.68,-61.51,0,-386.40827067669176
16656,10095,-1666,12312,11766,-1524,499,-209,-1061,-5917,-10.61,-59.17,0,-491.47744360902254
16706,8402,-3164,11266,11984,-1179,372,-138,-1060,-5662,-10.6,-56.62,0,-606.709022556391
16756,6664,-3136,10326,12960,-984,-209,203,-1063,-5378,-10.63,-53.78,0,-726.6714285714286
16806,5390,-2460,9884,13052,-835,-215,236,-1097,-5120,-10.97,-51.2,0,-840.3639097744361
16856,4641,-1888,10100,13248,-904,-157,129,-1158,-4906,-11.58,-49.06,0,-939.1548872180451
16906,4017,-1990,8726,13792,-920,-142,119,-1202,-4650,-12.02,-46.5,0,-1021.1917293233083
16956,3136,-1704,7860,14342,-1094,-225,19,-1254,-4379,-12.54,-43.79,0,-1088.1917293233082
17006,2426,-1588,6996,14710,-1018,-295,113,-1305,-4100,-13.05,-41.0,0,-1141.251879699248
17056,2238,-1362,6216,15418,-915,-170,93,-1361,-3812,-13.61,-38.12,0,-1174.3518796992482
17106,2214,-1188,6744,15796,-989,-127,9,-1369,-3782,-13.69,-37.82,0,-1189.3045112781954
17156,1927,-1414,5322,16222,-827,-155,33,-1414,-3485,-14.14,-34.85,-1,-1189.421052631579
17206,1888,-1206,4662,16338,-957,-178,24,-1463,-3199,-14.63,-31.99,-1,-1169.2360902255639
17256,1444,-1076,3298,16352,-1001,-148,31,-1511,-2888,-15.11,-28.88,-1,-1134.1984962406016
17306,1381,-818,2944,16850,-860,-64,34,-1565,-2602,-15.65,-26.02,-1,-1071.484962406015
17356,1486,-754,2156,16816,-778,-83,-9,-1614,-2320,-16.14,-23.2,-1,-980.0225563909775
17406,1366,-798,1654,17588,-676,-49,23,-1620,-2284,-16.2,-22.84,-1,-870.5646616541353
17456,1326,-954,772,16692,-616,-40,-29,-1650,-1980,-16.5,-19.8,-1,-742.6082706766917
17506,1150,-806,-134,16474,-478,-195,70,-1682,-1675,-16.82,-16.75,-1,-609.1774436090226
17556,1155,-308,408,16760,-401,-127,51,-1736,-1443,-17.36,-14.43,-1,-480.2503759398496
17606,1125,-508,-454,16328,-284,-184,49,-1771,-1201,-17.71,-12.01,-1,-380.83233082706766
17656,1359,-198,-466,19386,-125,-19,6,-1772,-1200,-17.72,-12.0,-1,-297.4684210526316
17706,1564,-318,860,16536,62,120,-79,-1811,-1063,-18.11,-10.63,-1,-224.77067669172934
17756,1472,-54,-120,17542,4,18,14,-1818,-1041,-18.18,-10.41,-1,-170.5466165413534
17806,1452,-234,-420,16890,-19,-19,-3,-1855,-862,-18.55,-8.62,-1,-128.91654135338345
17856,1525,-414,-378,16864,16,0,-8,-1878,-712,-18.78,-7.12,-1,-92.14812030075188
17906,1553,-362,-404,16728,26,-10,-6,-1900,-583,-19.0,-5.83,-1,-60.14661654135338
17956,1637,-290,-342,16788,38,-38,12,-1922,-477,-19.22,-4.77,-1,-37.150375939849624
18006,1651,-192,30,16968,10,-17,11,-1946,-406,-19.46,-4.06,-1,-22.910526315789475
18056,1725,-228,-130,16794,-14,-14,9,-1965,-337,-19.65,-3.37,-1,-9.416541353383458
18106,1761,-336,-98,16776,-22,3,7,-1975,-280,-19.75,-2.8,-1,4.984210526315789
18156,1819,-368,-216,16782,-12,16,2,-1982,-225,-19.82,-2.25,-1,16.36315789473684
18206,1903,-358,-268,16784,-13,16,1,-1988,-177,-19.88,-1.77,-1,28.48872180451128
18256,1895,-382,-178,16844,-15,17,7,-1993,-140,-19.93,-1.4,-1,33.46691729323308
18306,1905,-366,-286,16824,-14,2,6,-1997,-103,-19.97,-1.03,-1,36.91503759398496
18356,1951,-422,-192,16730,-15,12,-3,-1998,-76,-19.98,-0.76,-1,41.89022556390977
18406,2014,-376,-232,16738,-14,-7,7,-2001,-51,-20.01,-0.51,-1,45.17142857142857
18456,2031,-406,-242,16746,-3,11,-2,-2002,-30,-20.02,-0.3,-1,47.089473684210525
18506,2025,-344,-166,16844,-10,7,2,-2006,-16,-20.06,-0.16,-1,45.08270676691729
18556,1945,-470,-238,16794,-9,-8,15,-2003,0,-20.03,0.0,-1,40.69624060150376
18606,1886,-384,-208,16738,-8,1,7,-2005,11,-20.05,0.11,-1,33.805263157894736
18656,1822,-356,-182,16874,-28,2,8,-2008,20,-20.08,0.2,-1,28.550375939849623
18706,1786,-376,-338,16782,-17,-1,14,-2010,36,-20.1,0.36,-1,25.321804511278195
18756,1761,-334,-152,16586,-13,-12,21,-2013,39,-20.13,0.39,-1,19.949624060150377
18806,1892,-396,-332,16758,10,5,4,-2013,52,-20.13,0.52,-1,15.698496240601504
18856,1924,-404,-142,16830,-12,1,1,-2013,52,-20.13,0.52,-1,12.395488721804512
18906,2001,-568,-238,16850,-5,10,5,-2004,58,-20.04,0.58,-1,10.034586466165413
18956,2009,-400,-242,16798,-21,5,3,-2005,63,-20.05,0.63,-1,8.440601503759398
19007,2067,-394,-270,16646,1,3,8,-2006,69,-20.06,0.69,-1,7.336842105263158
19056,2128,-330,-170,16778,17,-15,12,-2010,68,-20.1,0.68,-1,7.647368421052631
19106,2309,-440,-218,16804,14,-9,10,-2008,70,-20.08,0.7,-1,10.506015037593984
19156,2349,-406,-150,16756,11,-9,9,-2008,69,-20.08,0.69,-1,14.02781954887218
19206,2402,-580,-228,16802,24,-19,14,-1999,71,-19.99,0.71,-1,18.83609022556391
19256,2495,-316,-126,16820,13,-4,15,-2005,68,-20.05,0.68,-1,24.09624060150376
19306,2687,-422,-310,16694,97,1,-3,-2005,75,-20.05,0.75,-1,31.354887218045114
19356,4735,-292,202,16764,837,-887,86,-2011,55,-20.11,0.55,-1,67.42105263157895
19406,7423,866,1530,17196,717,-433,5,-2020,44,-20.2,0.44,1,138.6954887218045
19456,12111,490,868,17788,850,-87,-117,-2026,37,-20.26,0.37,1,269.07593984962404
19506,16259,734,3608,16868,1728,-279,100,-2033,13,-20.33,0.13,1,443.4609022556391
19556,19409,1810,5212,17288,1590,-73,-219,-2047,-20,-20.47,-0.2,1,640.1781954887218
19606,20456,1530,6028,16472,1307,8,-278,-2059,-59,-20.59,-0.59,1,824.6593984962406
19656,21165,954,4062,16292,1416,11,-297,-2121,-259,-21.21,-2.59,1,990.3338345864662
19706,21722,1864,8942,14322,1715,-346,-219,-2219,-695,-22.19,-6.95,1,1134.3097744360903
19756,22088,780,8286,14558,1661,-290,-136,-2248,-1034,-22.48,-10.34,1,1253.1406015037594
19806,22376,1740,10602,13136,1423,-62,-458,-2321,-1457,-23.21,-14.57,1,1347.5872180451129
19856,22626,-266,11496,11952,1696,165,-435,-2282,-1895,-22.82,-18.95,1,1415.3075187969926
19906,22758,486,12704,11648,1585,-1,-429,-2282,-1952,-22.82,-19.52,1,1454.9984962406015
19956,22897,-158,12666,11348,1773,38,-396,-2254,-2380,-22.54,-23.8,1,1465.5879699248121
20006,22909,716,13452,10380,1706,130,-447,-2274,-2806,-22.74,-28.06,1,1445.854135338346
20056,22905,-1768,15388,6524,1287,308,-592,-2164,-3378,-21.64,-33.78,1,1395.684962406015
20106,22818,-840,14522,6178,1445,142,-174,-2116,-3871,-21.16,-38.71,1,1315.8872180451128
20156,22847,-1726,13242,7720,1244,269,-420,-2104,-3912,-21.04,-39.12,1,1206.2947368421053
20206,22915,-380,16096,1962,1230,167,-431,-2090,-4568,-20.9,-45.68,1,1067.6864661654135
20256,22986,-2890,15554,3178,699,169,-276,-1944,-5000,-19.44,-50.0,1,900.7142857142857
20306,22966,-2614,15772,3576,542,63,-140,-1837,-5363,-18.37,-53.63,1,705.6744360902255
20356,22871,-1980,15840,3622,868,78,-133,-1779,-5688,-17.79,-56.88,1,511.1195488721805
20406,22799,-3026,15828,1746,1174,168,-292,-1673,-5997,-16.73,-59.97,1,330.706015037594
20456,22704,-2062,16172,1272,1257,298,-390,-1635,-6318,-16.35,-63.18,1,199.8345864661654
20506,22692,-4286,15506,956,874,324,-557,-1481,-6482,-14.81,-64.82,1,118.35714285714286
20556,22629,-3688,15812,-1914,697,439,-698,-1385,-6637,-13.85,-66.37,-1,76.04285714285714
20606,22481,-4374,15210,-2146,750,549,-659,-1261,-6724,-12.61,-67.24,-1,43.30375939849624
20656,22227,-4488,14824,-240,654,593,-767,-1245,-6736,-12.45,-67.36,-1,15.085714285714285
20706,21944,-6840,13694,-4646,835,589,-670,-1001,-6607,-10.01,-66.07,-1,-9.977443609022556
20756,22005,-6246,14334,-3812,982,401,-367,-830,-6559,-8.3,-65.59,-1,-28.72406015037594
20806,22033,-6248,13982,-6262,685,201,-108,-695,-6439,-6.95,-64.39,-1,-42.3984962406015
20856,22088,-5340,13804,-5510,973,318,-114,-616,-6386,-6.16,-63.86,-1,-50.82406015037594
20906,22197,-5712,13398,-6390,751,155,-74,-530,-6287,-5.3,-62.87,-1,-54.79924812030075
20956,22291,-6062,13478,-6730,861,183,-158,-444,-6184,-4.44,-61.84,-1,-54.393233082706764
21006,22364,-5178,12652,-7528,823,251,-248,-409,-6068,-4.09,-60.68,-1,-51.84360902255639
21056,22424,-6196,13116,-8422,679,115,-219,-344,-5928,-3.44,-59.28,-1,-47.68045112781955
21106,22460,-6678,11096,-11376,410,167,-115,-335,-5889,-3.35,-58.89,-1,-43.653383458646616
21156,22493,-5874,11862,-9488,-51,88,-91,-290,-5706,-2.9,-57.06,-1,-38.158646616541354
21206,22411,-6096,11360,-9438,-316,-27,46,-232,-5528,-2.32,-55.28,-1,-32.22932330827068
21256,22229,-6150,12010,-9100,-333,-37,22,-186,-5411,-1.86,-54.11,-1,-27.021052631578947
21306,22089,-6164,12150,-9536,-419,-76,64,-154,-5302,-1.54,-53.02,-1,-22.990225563909775
21356,21941,-6662,12804,-7510,-592,-105,-49,-90,-5284,-0.9,-52.84,-1,-21.254887218045113
21406,21785,-6764,13272,-9190,-882,-258,-67,-86,-5277,-0.86,-52.77,-1,-21.486466165413535
21456,21831,-5702,12662,-6730,-376,-260,316,-84,-5281,-0.84,-52.81,-1,-21.03609022556391
21506,22018,-6536,14312,-5818,-808,-334,208,-49,-5366,-0.49,-53.66,-1,-16.790977443609023
21556,22054,-6118,13872,-6798,-712,-316,126,-40,-5409,-0.4,-54.09,-1,-12.012781954887219
21606,22087,-6574,13378,-5962,-666,-442,398,5,-5443,0.05,-54.43,-1,-8.235338345864662
21656,22060,-5206,14200,-2836,-905,-321,190,2,-5468,0.02,-54.68,-1,-8.261654135338345
21706,21974,-6130,14746,-4136,-1083,-375,263,7,-5597,0.07,-55.97,-1,-13.733834586466166
21756,21642,-5746,14596,-352,-923,-507,520,6,-5783,0.06,-57.83,-1,-23.030827067669172
21806,21024,-4654,15778,-2938,-1085,-239,311,-74,-5976,-0.74,-59.76,-1,-40.16842105263158
21856,20608,-5678,14932,1032,-788,-348,333,-73,-6111,-0.73,-61.11,-1,-60.863157894736844
21906,20651,-4562,15758,-828,-774,-391,271,-142,-6297,-1.42,-62.97,-1,-76.99699248120301
21956,20874,-5006,15354,1038,-598,-377,331,-173,-6425,-1.73,-64.25,-1,-86.1360902255639
22006,20976,-3648,15402,2002,-769,-347,230,-271,-6583,-2.71,-65.83,-1,-90.53458646616541
22056,20653,-4348,15156,1618,-936,-234,53,-313,-6689,-3.13,-66.89,-1,-96.51278195488722
22106,20010,-4962,15260,3672,-1152,-218,121,-325,-6704,-3.25,-67.04,0,-108.44511278195489
22156,19370,-3942,15086,3948,-1239,-350,363,-386,-6743,-3.86,-67.43,0,-125.31503759398497
22206,19022,-3046,14882,6222,-875,-209,304,-490,-6705,-4.9,-67.05,0,-143.75488721804513
22256,18775,-3206,15792,5442,-808,-46,72,-575,-6721,-5.75,-67.21,0,-163.50075187969924
22306,18730,-3498,14958,6730,-747,-87,100,-631,-6658,-6.31,-66.58,0,-180.906015037594
22356,18497,-3016,15102,5858,-923,-82,168,-700,-6655,-7.0,-66.55,0,-198.92556390977444
22406,17781,-3412,12722,9178,-990,-33,199,-733,-6441,-7.33,-64.41,0,-224.4578947368421
22456,16634,-2516,13782,8176,-1489,121,110,-811,-6346,-8.11,-63.46,0,-259.62857142857143
22506,15208,-2692,12912,8900,-1308,210,73,-865,-6207,-8.65,-62.07,0,-304.403007518797
22556,13659,-3338,11412,11176,-1355,-28,126,-881,-5940,-8.81,-59.4,0,-360.496992481203
22606,12727,-2270,11946,10616,-1232,-108,301,-949,-5764,-9.49,-57.64,0,-416.7601503759399
22656,12474,-2540,10706,12504,-980,-226,330,-998,-5498,-9.98,-54.98,0,-462.9887218045113
22706,11437,-1608,11276,12074,-1051,-265,241,-1087,-5314,-10.87,-53.14,0,-510.97443609022554
22756,10661,-1814,9456,13620,-1044,-281,232,-1152,-5033,-11.52,-50.33,0,-559.4428571428572
22806,9257,-1186,9118,13968,-1287,-307,242,-1240,-4772,-12.4,-47.72,0,-621.2135338345864
22856,7322,-762,8340,14674,-1422,-181,165,-1338,-4499,-13.38,-44.99,0,-699.5007518796992
22906,5069,-554,7286,15384,-1457,-164,147,-1431,-4203,-14.31,-42.03,-1,-789.3157894736842
22956,3716,-606,5952,16196,-1379,-53,71,-1441,-4159,-14.41,-41.59,-1,-871.5067669172932
23006,2437,-1154,3676,16094,-1083,-78,88,-1487,-3726,-14.87,-37.26,-1,-944.5571428571428
23056,2125,-516,4726,16122,-861,-79,147,-1560,-3411,-15.6,-34.11,-1,-999.2864661654136
23106,2093,-812,3282,16804,-870,-35,121,-1607,-3063,-16.07,-30.63,-1,-1036.7639097744361
23156,2141,-628,2696,16808,-763,-173,176,-1657,-2739,-16.57,-27.39,-1,-1056.718045112782
23206,2178,-138,2512,17132,-820,-122,102,-1665,-2701,-16.65,-27.01,-1,-1055.73007518797
23256,1910,-408,1044,16844,-737,-207,126,-1717,-2348,-17.17,-23.48,-1,-1037.1413533834586
23306,1495,358,1172,17270,-527,-291,179,-1728,-2308,-17.28,-23.08,-1,-999.8308270676691
23356,1275,382,986,17498,-594,-116,68,-1739,-2268,-17.39,-22.68,-1,-943.4248120300751
23406,1236,162,-286,16528,-560,-167,11,-1808,-1912,-18.08,-19.12,-1,-872.9834586466166
23456,1052,268,-1076,16708,-656,-227,78,-1873,-1568,-18.73,-15.68,-1,-798.4015037593985
23506,1331,1300,966,17444,216,47,-23,-1887,-1543,-18.87,-15.43,-1,-718.918045112782
23556,1325,504,-1030,17044,-29,63,-25,-1951,-1258,-19.51,-12.58,-1,-643.1105263157895
23606,1480,588,-972,16324,-14,4,-30,-2012,-1017,-20.12,-10.17,-1,-561.2571428571429
23656,1770,554,-664,16762,19,54,-36,-2060,-829,-20.6,-8.29,-1,-462.34285714285716
23706,2021,296,-634,16726,30,-7,-13,-2089,-671,-20.89,-6.71,-1,-360.1203007518797
23756,2073,380,-760,16848,6,-45,4,-2117,-530,-21.17,-5.3,-1,-255.24812030075188
23806,2165,692,-440,17236,-11,-18,20,-2122,-517,-21.22,-5.17,-1,-158.31578947368422
23856,2213,394,-814,16708,-14,1,2,-2146,-396,-21.46,-3.96,-1,-80.58571428571429
23906,2243,484,-676,16828,-16,-24,8,-2171,-301,-21.71,-3.01,-1,-30.318045112781956
23956,2294,518,-742,16778,-16,14,7,-2194,-216,-21.94,-2.16,-1,3.5646616541353384
24006,2264,574,-782,16824,-46,-1,12,-2216,-143,-22.16,-1.43,-1,18.962406015037594
24056,2282,534,-806,16790,-15,17,-4,-2233,-79,-22.33,-0.79,-1,29.951127819548873
24106,2374,430,-832,16730,3,-7,3,-2242,-23,-22.42,-0.23,-1,41.51278195488722
24156,2479,568,-730,16768,10,-7,-5,-2257,18,-22.57,0.18,-1,54.909774436090224
24206,2540,538,-678,16780,0,14,-1,-2268,52,-22.68,0.52,-1,69.25413533834586
24256,2571,564,-744,16846,0,-7,2,-2279,83,-22.79,0.83,-1,79.26541353383459
24306,2575,416,-734,16686,-37,12,2,-2280,109,-22.8,1.09,-1,81.78721804511278
24356,2553,518,-746,16802,-11,9,2,-2287,132,-22.87,1.32,-1,78.89699248120301
24406,2588,472,-756,16836,-8,9,5,-2290,152,-22.9,1.52,-1,73.96917293233082
24456,2562,542,-750,16698,-3,7,4,-2296,169,-22.96,1.69,-1,63.73157894736842
24506,2632,426,-808,16886,-23,2,-9,-2296,186,-22.96,1.86,-1,56.628571428571426
24556,2716,434,-726,16710,-17,1,3,-2296,197,-22.96,1.97,-1,48.67443609022556
24606,2721,554,-744,16760,0,4,0,-2302,207,-23.02,2.07,-1,41.14736842105263
24656,2808,418,-712,16782,0,6,1,-2300,213,-23.0,2.13,-1,37.57593984962406
24706,2790,450,-638,16786,-31,8,-4,-2300,215,-23.0,2.15,-1,36.14962406015037
24756,2841,574,-786,16808,-16,-3,-15,-2307,224,-23.07,2.24,-1,35.11654135338346
24806,2830,426,-736,16742,-24,27,-5,-2304,229,-23.04,2.29,-1,34.22406015037594
24856,2929,372,-830,16830,-18,8,-8,-2300,239,-23.0,2.39,-1,34.50375939849624
24906,2993,426,-756,16734,-9,10,-3,-2299,243,-22.99,2.43,-1,35.09473684210526
24956,3018,376,-762,16764,-11,-10,3,-2295,247,-22.95,2.47,-1,35.7203007518797
25006,3113,522,-718,16854,-20,8,-7,-2300,247,-23.0,2.47,-1,36.1406015037594
25056,3178,346,-750,16718,-21,17,-15,-2295,250,-22.95,2.5,-1,36.49699248120301
25106,3197,230,-1002,16778,-20,8,-6,-2284,265,-22.84,2.65,-1,37.23007518796992
25156,2980,270,-758,16586,-25,-39,19,-2278,266,-22.78,2.66,-1,35.283458646616545
25206,2923,274,-1090,16668,54,-44,8,-2272,283,-22.72,2.83,-1,32.73233082706767
25256,4259,770,-276,16540,349,-170,50,-2293,256,-22.93,2.56,-1,49.18045112781955
25306,5736,1076,-498,17672,485,-105,-25,-2297,255,-22.97,2.55,-1,84.25338345864661
25356,8226,626,650,17866,1141,-400,45,-2298,245,-22.98,2.45,1,149.796992481203
25406,13446,1678,930,18226,1962,-566,110,-2306,235,-23.06,2.35,1,281.93383458646616
25456,17749,1446,2454,17080,2184,292,-432,-2312,214,-23.12,2.14,1,458.80375939849625
25506,19771,800,6448,16616,2086,-174,-293,-2314,168,-23.14,1.68,1,642.827067669173
25556,20672,1530,8132,14888,1675,-51,-271,-2366,-283,-23.66,-2.83,1,815.2751879699248
25606,21273,1278,7654,14818,1299,-112,-193,-2399,-648,-23.99,-6.48,1,969.3864661654135
25656,21641,1702,8618,14132,1286,212,-331,-2450,-1017,-24.5,-10.17,1,1102.2308270676692
25706,21954,232,9022,13478,1405,119,-456,-2417,-1370,-24.17,-13.7,1,1210.9421052631578
25756,22133,-56,9640,13222,1360,-33,-256,-2373,-1705,-23.73,-17.05,1,1294.1977443609023
25806,22165,400,12136,11158,947,-8,-362,-2360,-2158,-23.6,-21.58,1,1348.7263157894736
25856,22143,604,12346,10718,1186,74,-211,-2360,-2568,-23.6,-25.68,1,1375.4285714285713
25906,22199,-944,10902,12378,1167,179,-212,-2279,-2801,-22.79,-28.01,1,1375.0481203007519
25956,22175,590,14450,9218,1178,174,-442,-2289,-3241,-22.89,-32.41,1,1345.8383458646617
26006,22104,-1258,14580,7902,1712,356,-476,-2202,-3672,-22.02,-36.72,1,1288.3067669172933
26056,22029,-3618,13944,8722,1175,296,-577,-2008,-3958,-20.08,-39.58,1,1202.1721804511278
26106,21825,-1212,15432,5366,1252,281,-429,-1965,-4419,-19.65,-44.19,1,1085.075939849624
26156,21820,-3866,14370,7554,1440,210,-220,-1792,-4646,-17.92,-46.46,1,936.4699248120301
26206,21736,-1822,15964,3128,1528,373,-437,-1749,-5106,-17.49,-51.06,1,757.4330827067669
26256,21735,-2964,16234,2378,1396,430,-485,-1655,-5491,-16.55,-54.91,1,571.1864661654135
26306,21640,-2774,16430,480,1206,346,-472,-1585,-5870,-15.85,-58.7,1,380.62406015037595
26356,21746,-5002,13780,2656,1134,359,-616,-1557,-5888,-15.57,-58.88,1,206.97593984962407
26406,21870,-3854,14604,-1532,1192,327,-508,-1540,-5918,-15.4,-59.18,-1,97.18947368421053
26456,21867,-5570,14584,-514,1078,243,-387,-1318,-6065,-13.18,-60.65,-1,42.634586466165416
26506,21947,-5918,15560,-2768,869,247,-546,-1134,-6162,-11.34,-61.62,-1,14.95639097744361
26556,21999,-4592,14746,-3342,1140,317,-287,-1033,-6270,-10.33,-62.7,-1,-1.024812030075188
26606,22136,-5920,14498,-3452,1303,312,-406,-875,-6299,-8.75,-62.99,-1,-7.5548872180451125
26656,22283,-6772,13288,-5458,1290,415,-619,-687,-6205,-6.87,-62.05,-1,-7.472180451127819
26706,22305,-5538,12570,-6578,1251,406,-734,-674,-6192,-6.74,-61.92,-1,-3.098496240601504
26756,22413,-7982,11596,-8182,791,300,-525,-454,-5943,-4.54,-59.43,-1,5.116541353383458
26806,22507,-7052,11026,-8432,533,282,-453,-304,-5726,-3.04,-57.26,-1,14.758646616541354
26856,22618,-7524,11224,-9326,202,144,-175,-172,-5513,-1.72,-55.13,-1,25.124812030075187
26906,22691,-7988,11984,-7948,159,144,-100,-32,-5386,-0.32,-53.86,-1,36.70375939849624
26956,22738,-6438,11336,-10358,-151,140,-89,-8,-5220,-0.08,-52.2,-1,47.83533834586466
27006,22595,-7626,10936,-9316,-457,17,-46,89,-5070,0.89,-50.7,-1,54.95639097744361
27056,22210,-6474,12436,-8578,-861,0,42,102,-5045,1.02,-50.45,-1,54.65488721804511
27106,21680,-7360,11834,-8724,-1157,-130,172,163,-4978,1.63,-49.78,-1,43.288721804511276
27156,20735,-6508,12758,-6310,-1123,-109,221,185,-5049,1.85,-50.49,-1,18.561654135338348
27206,19790,-6972,14628,-7204,-1941,-158,-35,185,-5059,1.85,-50.59,-1,-19.36015037593985
27256,18898,-6548,12968,-5248,-1155,-237,423,188,-5072,1.88,-50.72,-1,-67.11428571428571
27306,18598,-8208,15456,-2206,-1728,-399,237,197,-5092,1.97,-50.92,0,-116.38796992481203
27356,17730,-5594,14466,-3132,-1282,-382,467,156,-5319,1.56,-53.19,0,-171.81353383458648
27406,17671,-6912,14594,1222,-1315,-531,427,189,-5484,1.89,-54.84,0,-220.08496240601505
27456,17285,-5484,15202,950,-1242,-592,459,135,-5709,1.35,-57.09,0,-267.60375939849627
27506,17134,-5452,14302,3478,-952,-400,287,98,-5836,0.98,-58.36,0,-309.12631578947367
27556,17251,-4860,15362,2344,-956,-357,235,21,-6019,0.21,-60.19,0,-340.9187969924812
27606,17231,-5156,14328,4740,-880,-296,235,-20,-6074,-0.2,-60.74,0,-363.69398496240603
27656,16795,-4396,15522,3442,-1069,-215,289,-107,-6215,-1.07,-62.15,0,-383.00075187969924
27706,16372,-4480,14558,6036,-970,-311,258,-175,-6222,-1.75,-62.22,0,-399.7503759398496
27756,15737,-3872,14906,5512,-985,-245,141,-266,-6272,-2.66,-62.72,0,-414.94436090225565
27806,14957,-4240,13900,7584,-1053,-224,113,-323,-6200,-3.23,-62.0,0,-429.7578947368421
27856,14341,-3950,13978,8096,-877,-189,165,-391,-6127,-3.91,-61.27,0,-440.2654135338346
27906,13815,-3826,13642,8498,-844,-197,131,-453,-6041,-4.53,-60.41,0,-444.687969924812
27956,13359,-3580,13612,8738,-824,-115,74,-520,-5962,-5.2,-59.62,0,-441.53533834586466
28006,13038,-3456,12640,9896,-941,-130,84,-582,-5822,-5.82,-58.22,0,-431.1225563909774
28056,12477,-3090,12610,9282,-1058,-105,120,-649,-5730,-6.49,-57.3,0,-420.4315789473684
28106,11671,-3356,10908,11466,-1083,-78,118,-694,-5505,-6.94,-55.05,0,-414.9872180451128
28156,10380,-3000,11176,11522,-1255,-127,198,-754,-5326,-7.54,-53.26,0,-427.85563909774436
28206,8780,-2506,10834,12208,-1334,-128,211,-832,-5141,-8.32,-51.41,0,-462.93082706766916
28256,8226,-3192,8662,13680,-942,-85,166,-862,-4843,-8.62,-48.43,0,-503.4481203007519
28306,7662,-2638,9258,13580,-1332,-142,177,-918,-4622,-9.18,-46.22,0,-540.7112781954887
28356,6961,-2466,7636,13950,-1184,-268,281,-970,-4352,-9.7,-43.52,0,-585.2488721804511
28406,6485,-1672,6596,14960,-1204,-282,298,-1059,-4053,-10.59,-40.53,0,-621.3240601503759
28456,6640,-1458,6588,15064,-1262,-183,193,-1146,-3797,-11.46,-37.97,0,-644.4586466165414
28506,6407,-860,5952,15776,-1360,-259,231,-1253,-3535,-12.53,-35.35,0,-657.2984962406015
28556,6050,-1626,3248,16062,-1220,-176,134,-1302,-3174,-13.02,-31.74,0,-657.2601503759398
28606,6408,-976,3252,16204,-1153,-280,171,-1378,-2867,-13.78,-28.67,0,-635.5796992481203
28656,6493,-596,2304,16440,-1161,-342,191,-1462,-2555,-14.62,-25.55,-1,-603.2939849624061
28706,5696,-116,504,16944,-1163,-356,220,-1559,-2196,-15.59,-21.96,-1,-573.5812030075188
28756,5178,308,1764,17398,-1025,-60,40,-1573,-2163,-15.73,-21.63,-1,-545.2406015037594
28806,4440,-506,-452,18750,-1262,-73,-27,-1581,-2117,-15.81,-21.17,-1,-523.8804511278196
28856,4490,-276,808,14376,345,115,-155,-1591,-2081,-15.91,-20.81,-1,-495.7172932330827
28906,3991,-138,-1032,17098,23,-92,37,-1667,-1716,-16.67,-17.16,-1,-468.1744360902256
28956,3803,112,-774,17122,48,43,-48,-1745,-1418,-17.45,-14.18,-1,-435.74436090225566
29006,3753,-380,-926,16924,18,15,-14,-1786,-1157,-17.86,-11.57,-1,-394.7270676691729
29056,3574,-276,-606,16868,11,-40,32,-1826,-951,-18.26,-9.51,-1,-351.1624060150376
29106,3493,4,-452,16792,-11,-22,27,-1874,-784,-18.74,-7.84,-1,-308.0932330827068
29156,4177,-358,-746,16564,61,-55,70,-1897,-626,-18.97,-6.26,-1,-263.3390977443609
29206,5366,168,-102,16746,115,-262,84,-1943,-526,-19.43,-5.26,-1,-217.53458646616542
29256,5272,110,-654,16442,66,-149,53,-1979,-411,-19.79,-4.11,-1,-176.68646616541352
29306,5483,412,-752,16744,45,62,-22,-2026,-310,-20.26,-3.1,-1,-137.28721804511278
29356,5569,-322,-1008,17066,85,215,-105,-2028,-211,-20.28,-2.11,-1,-104.45112781954887
29406,6411,-6,156,16582,66,-81,31,-2045,-186,-20.45,-1.86,-1,-65.00902255639097
29456,6649,-378,-1080,17646,126,266,-129,-2045,-175,-20.45,-1.75,-1,-19.608270676691728
29506,7847,-496,498,16090,208,117,-70,-2034,-174,-20.34,-1.74,-1,39.214285714285715
29556,8546,16,872,17210,386,-348,26,-2036,-176,-20.36,-1.76,1,100.2203007518797
29606,7227,178,818,16038,-399,-342,24,-2062,-192,-20.62,-1.92,1,144.2827067669173
29656,6732,-604,-1358,17074,-231,95,-233,-2045,-94,-20.45,-0.94,1,181.3842105263158
29706,7619,678,814,16332,122,-223,-78,-2096,-121,-20.96,-1.21,1,218.21353383458646
29756,6743,194,-94,16862,33,-115,-117,-2113,-97,-21.13,-0.97,1,231.4578947368421
29806,8625,942,288,16476,236,-386,112,-2168,-96,-21.68,-0.96,1,257.58195488721805
29856,8369,836,902,16202,13,-209,55,-2209,-128,-22.09,-1.28,1,274.5451127819549
29906,7664,1116,-808,2302,-995,1614,-105,-2211,-126,-22.11,-1.26,1,267.7248120300752
29956,6449,1050,-1936,17412,-479,204,-132,-2217,-111,-22.17,-1.11,1,235.05563909774435
30006,6495,-316,-2586,17228,-1041,-265,-43,-2213,-91,-22.13,-0.91,1,198.27518796992481
30056,5879,782,-3068,17060,-449,3,77,-2217,-69,-22.17,-0.69,1,145.74511278195487
30106,5564,988,-3592,17368,-545,23,49,-2222,-44,-22.22,-0.44,-1,83.96992481203007
30156,5399,828,-3956,18158,-342,137,-1,-2226,-18,-22.26,-0.18,-1,27.52330827067669
30206,5656,414,-3896,17792,-103,52,11,-2227,6,-22.27,0.06,-1,-8.31578947368421
30256,5236,480,-4370,18106,-138,-46,18,-2228,33,-22.28,0.33,-1,-52.07518796992481
30306,5400,544,-4474,18000,-135,2,16,-2230,60,-22.3,0.6,-1,-90.10601503759399
30356,5462,348,-4578,18002,-90,-12,10,-2230,88,-22.3,0.88,-1,-125.76842105263158
30406,5840,706,-4436,18124,-5,50,4,-2233,114,-22.33,1.14,-1,-142.5751879699248
30456,6274,278,-4614,17828,71,92,28,-2233,141,-22.33,1.41,-1,-148.56541353383457
30506,7228,290,-4490,18128,237,194,85,-2233,166,-22.33,1.66,-1,-121.44736842105263
30556,9091,636,-3946,17798,985,483,53,-2235,188,-22.35,1.88,-1,-55.747368421052634
30606,10701,90,-3134,17002,563,-194,107,-2234,205,-22.34,2.05,-1,11.306766917293233
30656,10704,462,-3146,17208,-237,179,-75,-2235,222,-22.35,2.22,-1,65.3639097744361
30706,9790,-46,-3556,17708,-611,-643,-102,-2233,240,-22.33,2.4,1,114.39624060150376
30756,9512,278,-3588,18530,-69,-39,-7,-2233,241,-22.33,2.41,1,142.3609022556391
30806,10336,150,-3814,18308,60,86,14,-2233,260,-22.33,2.6,1,207.64887218045112
30856,10771,90,-3608,18420,32,401,33,-2231,277,-22.31,2.77,1,272.5360902255639
30906,11085,-168,-3904,18052,-129,-19,17,-2229,296,-22.29,2.96,1,327.16541353383457
30956,11260,40,-3890,17350,-251,-53,-3,-2227,316,-22.27,3.16,1,359.9661654135338
31006,12171,90,-3776,18232,-130,59,17,-2226,333,-22.26,3.33,1,399.2729323308271
31056,12881,108,-4264,18170,-225,-136,-25,-2225,353,-22.25,3.53,1,430.4609022556391
31106,14137,212,-4570,18576,-33,46,-54,-2225,354,-22.25,3.54,1,464.0887218045113
31156,15430,-472,-4172,18238,-150,47,-115,-2221,373,-22.21,3.73,1,500.69097744360903
31206,16397,-124,-4774,18390,227,-11,-79,-2221,374,-22.21,3.74,1,540.0812030075188
31256,17402,182,-3906,18616,501,7,-71,-2221,375,-22.21,3.75,1,571.0451127819549
31306,18196,90,-3882,19340,466,177,-90,-2221,375,-22.21,3.75,1,597.6466165413534
31356,18920,-64,-3338,19906,1050,280,-98,-2221,376,-22.21,3.76,1,616.3278195488722
31406,19412,-272,-2582,20142,1542,460,-105,-2220,376,-22.2,3.76,1,627.7684210526315
31456,19844,-1884,-1672,20498,1780,320,-47,-2220,376,-22.2,3.76,1,631.8240601503759
31506,20142,-1042,192,19812,1828,432,-139,-2220,376,-22.2,3.76,1,634.7939849624061
31556,20223,-368,3766,18340,1996,453,-162,-2216,345,-22.16,3.45,1,648.9172932330827
31606,20419,-2706,4074,17758,1813,674,-241,-2198,313,-21.98,3.13,1,674.5218045112782
31656,20299,-2246,5884,16208,1812,281,-54,-2182,267,-21.82,2.67,1,683.8458646616541
31706,20403,-3122,3536,17082,1682,460,-224,-2161,239,-21.61,2.39,1,665.7954887218045
31756,20271,-2808,9728,13696,1409,325,-83,-2016,-317,-20.16,-3.17,1,625.5105263157894
31806,20346,-3630,5266,15500,1793,302,-103,-1848,-543,-18.48,-5.43,1,583.1285714285714
31856,20182,-3372,9860,14902,1180,850,-335,-1833,-597,-18.33,-5.97,1,530.2195488721804
31906,20076,-4636,12546,11330,1027,805,-275,-1809,-676,-18.09,-6.76,1,466.60225563909773
31956,20076,-6076,9990,12622,1279,846,-86,-1774,-734,-17.74,-7.34,1,392.22781954887216
32006,19815,-6276,11964,10734,994,640,-74,-1739,-807,-17.39,-8.07,1,315.2518796992481
32056,19547,-5996,11164,10454,933,857,-15,-1479,-1326,-14.79,-13.26,1,234.16315789473686
32106,19241,-6158,10962,9686,790,795,-2,-1237,-1781,-12.37,-17.81,1,158.51052631578946
32156,19291,-7094,12690,8852,1076,855,48,-1004,-2236,-10.04,-22.36,-1,96.31278195488721
32206,19249,-6888,13200,6770,1124,898,130,-802,-2706,-8.02,-27.06,-1,42.97744360902256
32256,19315,-7584,14206,7100,1328,821,141,-778,-2760,-7.78,-27.6,-1,2.1646616541353385
32306,19518,-7484,14440,4252,921,585,109,-587,-3232,-5.87,-32.32,-1,-26.08796992481203
32356,19882,-7396,14038,3424,668,506,91,-414,-3644,-4.14,-36.44,-1,-39.696992481203004
32406,20183,-6020,14776,2120,675,442,167,-345,-4096,-3.45,-40.96,-1,-42.68421052631579
32456,20454,-7430,14570,2382,424,416,84,-214,-4407,-2.14,-44.07,-1,-36.13834586466165
32506,20677,-7044,14220,572,313,66,110,-109,-4699,-1.09,-46.99,-1,-22.618796992481204
32556,20722,-6936,14826,1638,-132,51,-37,-41,-4957,-0.41,-49.57,-1,-7.981954887218045
32606,20568,-6852,15326,2448,-92,-94,-50,0,-5181,0.0,-51.81,-1,6.799248120300752
32656,20344,-7590,14650,2936,-216,-31,-35,81,-5317,0.81,-53.17,-1,16.261654135338347
32706,20272,-6872,15156,2582,-155,-23,-9,108,-5480,1.08,-54.8,-1,26.269924812030077
32756,20038,-7740,14456,2862,-204,-109,-36,185,-5561,1.85,-55.61,-1,31.04812030075188
32806,19700,-7448,14968,2400,-487,-43,-107,228,-5662,2.28,-56.62,-1,32.53233082706767
32856,19248,-7708,14448,3908,-506,-250,-100,280,-5698,2.8,-56.98,-1,25.941353383458647
32906,18863,-7618,15154,4394,-497,-548,-42,283,-5703,2.83,-57.03,-1,13.581203007518797
32956,18635,-6638,15480,2162,-670,-533,-103,264,-5832,2.64,-58.32,-1,-0.21203007518796993
33006,18637,-8668,13978,6566,-1239,-505,-162,274,-5820,2.74,-58.2,-1,-15.930827067669172
33056,18254,-5982,13796,3914,-1396,-812,-43,271,-5828,2.71,-58.28,-1,-39.581203007518795
33106,18078,-7450,10584,11552,-1029,-877,-86,273,-5787,2.73,-57.87,-1,-68.63308270676691
33156,17573,-6068,13084,7538,-1192,-618,-176,238,-5720,2.38,-57.2,0,-102.3609022556391
33206,17718,-7408,10786,10388,-697,-699,27,275,-5464,2.75,-54.64,0,-132.09699248120302
33256,17799,-6518,11830,11098,-999,-609,-59,271,-5440,2.71,-54.4,0,-157.33157894736843
33306,17907,-6518,11014,11392,-886,-566,52,243,-5222,2.43,-52.22,0,-175.53834586466166
33356,17655,-5908,10816,12714,-1362,-524,-166,234,-5193,2.34,-51.93,0,-189.17518796992482
33406,16760,-5688,9010,13126,-1041,-736,-9,172,-4896,1.72,-48.96,0,-207.49624060150376
33456,15755,-5198,8580,13920,-1264,-442,-58,88,-4610,0.88,-46.1,0,-230.74812030075188
33506,14847,-4900,6934,15490,-951,-470,-16,76,-4564,0.76,-45.64,0,-256.38421052631577
33556,14062,-4576,7756,14910,-984,-289,10,62,-4525,0.62,-45.25,0,-283.75714285714287
33606,13043,-4772,5628,16664,-920,-137,-68,48,-4471,0.48,-44.71,0,-318.10375939849627
33656,11654,-4326,7426,14948,-991,-45,54,33,-4432,0.33,-44.32,0,-364.51428571428573
33706,11005,-4890,3144,16712,-887,-221,-4,22,-4364,0.22,-43.64,0,-408.2654135338346
33756,10384,-3524,5614,15938,-1133,-441,-8,2,-4314,0.02,-43.14,0,-450.64736842105265
33806,9418,-3764,3818,16144,-975,-490,103,-128,-3860,-1.28,-38.6,0,-497.6488721804511
33856,9057,-3220,2894,17780,-1280,-347,-50,-148,-3801,-1.48,-38.01,0,-541.4827067669173
33906,8375,-3150,2876,18118,-1384,-512,34,-169,-3743,-1.69,-37.43,0,-585.8135338345865
33956,7105,-2566,626,18494,-1447,-448,73,-192,-3671,-1.92,-36.71,0,-636.1157894736842
34006,5442,-2262,-1748,17730,-1348,-528,2,-217,-3587,-2.17,-35.87,0,-692.8052631578947
34056,3524,-1382,-1340,17410,-999,-650,133,-247,-3506,-2.47,-35.06,0,-763.1
34106,2033,-1440,-3212,17698,-878,-433,22,-275,-3415,-2.75,-34.15,0,-835.3233082706766
34156,799,-956,-3004,18026,-726,-309,-27,-307,-3328,-3.07,-33.28,0,-909.021052631579
34206,437,-642,-3790,18338,-651,-112,-17,-340,-3238,-3.4,-32.38,-1,-960.3766917293233
34256,401,-838,-4440,18010,-375,-151,-30,-371,-3145,-3.71,-31.45,-1,-984.9812030075188
34306,418,-316,-3868,17582,-394,-123,-41,-404,-3057,-4.04,-30.57,-1,-981.4751879699248
34356,48,-844,-3748,16796,-140,-281,-18,-434,-2971,-4.34,-29.71,-1,-960.9345864661655
34406,15,-214,-4304,16768,-360,-438,23,-466,-2882,-4.66,-28.82,-1,-928.5203007518797
34456,13,148,-7272,24642,-136,293,-76,-468,-2878,-4.68,-28.78,-1,-886.8225563909774
34506,1167,34,-3632,18574,-101,128,19,-470,-2874,-4.7,-28.74,-1,-819.3037593984963
34556,961,70,-4832,17020,-123,-69,9,-504,-2785,-5.04,-27.85,-1,-746.5511278195489
34606,311,-122,-4848,17180,-91,200,40,-536,-2697,-5.36,-26.97,-1,-679.4729323308271
34656,144,-392,-4828,17154,-71,135,-44,-566,-2612,-5.66,-26.12,-1,-617.5661654135338
34706,76,-130,-5354,17284,-374,323,9,-596,-2525,-5.96,-25.25,-1,-549.5699248120301
34756,9,-824,-5584,17660,-424,458,11,-622,-2439,-6.22,-24.39,-1,-475.9015037593985
34806,5,-764,-6380,16968,1065,-1449,-36,-648,-2349,-6.48,-23.49,-1,-401.94135338345865
34856,108,-602,-4132,17284,536,-146,-48,-674,-2275,-6.74,-22.75,-1,-318.0548872180451
34906,2,644,-3768,17268,452,-59,-83,-708,-2205,-7.08,-22.05,-1,-232.99398496240602
34956,1,-1438,-5316,14592,-758,432,417,-844,-1574,-8.44,-15.74,-1,-155.40902255639097
35006,0,-150,-4804,15828,-760,431,404,-1032,-1083,-10.32,-10.83,-1,-93.41353383458646
35056,0,-1824,-6602,16176,-145,55,-327,-1042,-1017,-10.42,-10.17,-1,-53.5187969924812
35106,0,-784,-5132,16604,23,-50,-168,-1059,-962,-10.59,-9.62,-1,-31.866917293233083
35156,0,-870,-5622,16120,12,-69,-133,-1179,-528,-11.79,-5.28,-1,-26.642105263157895
35206,0,-1180,-5542,15988,102,-107,-181,-1264,-162,-12.64,-1.62,-1,-25.931578947368422
35256,-1,-900,-5472,15936,100,-56,-133,-1351,147,-13.51,1.47,-1,-25.146616541353385
35306,0,-330,-4932,16458,186,-146,-299,-1454,376,-14.54,3.76,-1,-23.474436090225563
35356,0,-480,-4694,16840,173,-84,-255,-1464,400,-14.64,4.0,-1,-27.01578947368421
35406,0,390,-4582,16648,97,-95,-345,-1481,423,-14.81,4.23,-1,-31.006015037593986
35456,0,-88,-4480,16502,180,-76,-286,-1576,588,-15.76,5.88,-1,-35.00526315789474
35506,-1,-178,-4582,16762,139,6,-354,-1586,607,-15.86,6.07,-1,-20.778195488721803
35556,0,444,-4488,16216,286,-22,-367,-1693,749,-16.93,7.49,-1,-8.033082706766917
35606,0,406,-3732,17078,278,-123,-257,-1705,759,-17.05,7.59,-1,-4.106015037593985
35656,0,854,-4212,16614,310,-36,-223,-1814,860,-18.14,8.6,-1,-2.3481203007518796
35706,0,852,-3402,17060,251,114,-240,-1826,865,-18.26,8.65,-1,-1.4473684210526316
35756,0,-134,-3492,16770,234,115,-55,-1868,913,-18.68,9.13,-1,-1.4902255639097743
35806,0,-354,-3498,16684,285,-32,-269,-1892,955,-18.92,9.55,-1,-1.5827067669172932
35856,0,1164,-1894,17846,187,-37,-191,-1904,948,-19.04,9.48,-1,-0.041353383458646614
35906,-1,582,-2866,16510,160,-86,291,-1971,955,-19.71,9.55,-1,-0.02556390977443609
35956,0,1548,-2622,16396,134,-8,-214,-2077,948,-20.77,9.48,-1,-0.006766917293233083
36006,0,1056,-3154,16338,47,-16,41,-2142,971,-21.42,9.71,-1,-0.002255639097744361
36056,0,1050,-2072,16964,102,24,-168,-2196,931,-21.96,9.31,-1,0.002255639097744361
36106,0,90,-1832,16786,117,8,206,-2193,886,-21.93,8.86,-1,0.006766917293233083
36156,0,722,-2830,16588,-11,-124,-17,-2223,899,-22.23,8.99,-1,0.011278195488721804
36206,0,1182,-2082,16794,-12,-64,18,-2271,871,-22.71,8.71,-1,0.015789473684210527
36256,0,1012,-2414,16754,-74,29,-21,-2304,865,-23.04,8.65,-1,0.004511278195488722
36306,0,664,-2578,16788,-13,-12,5,-2314,867,-23.14,8.67,-1,0.007518796992481203
36356,0,1006,-2042,16616,26,4,27,-2341,843,-23.41,8.43,-1,0.010526315789473684
36406,0,534,-2096,16804,-24,-6,24,-2339,824,-23.39,8.24,-1,0.013533834586466165
36456,0,640,-2060,16972,1,22,16,-2342,806,-23.42,8.06,-1,0.016541353383458645
36506,0,826,-2444,16744,-9,-1,41,-2355,810,-23.55,8.1,-1,0.0037593984962406013
36556,0,574,-2164,16730,-19,40,28,-2353,801,-23.53,8.01,-1,0.005263157894736842
36606,0,664,-2076,16838,-26,9,28,-2356,787,-23.56,7.87,-1,0.006766917293233083
36656,-1,666,-2290,16736,-30,35,12,-2358,787,-23.58,7.87,-1,-0.006015037593984963
36706,0,512,-2390,16670,-14,16,-3,-2353,792,-23.53,7.92,-1,-0.0030075187969924814
36756,0,444,-2456,16614,-21,0,34,-2345,801,-23.45,8.01,-1,0.0
36806,0,698,-2194,16780,4,-18,6,-2350,794,-23.5,7.94,-1,0.0030075187969924814
36856,0,670,-2334,16628,-10,21,-2,-2354,796,-23.54,7.96,-1,0.006015037593984963
36906,0,622,-2250,16716,-3,6,-15,-2355,792,-23.55,7.92,-1,-0.006766917293233083
36956,-1,400,-2514,16594,-20,12,88,-2344,804,-23.44,8.04,-1,-0.019548872180451128
37006,-1,628,-2424,16728,3,-32,-13,-2347,808,-23.47,8.08,-1,-0.030827067669172932
37056,0,836,-2136,16760,-2,-19,-8,-2359,797,-23.59,7.97,-1,-0.02631578947368421
37106,0,788,-2254,16706,-7,18,-29,-2368,794,-23.68,7.94,-1,-0.02180451127819549
37156,0,518,-2184,16824,-3,8,-17,-2361,787,-23.61,7.87,-1,-0.017293233082706767
