ms,fsr,ax,ay,az,gx,gy,gz,tx100,ty100,label
6013,0,-158,-308,16816,-8.0,-2.0,0.0,-3.0,-3.0,0
6058,0,-186,-318,16758,1.0,-3.0,-7.0,-1.0,-2.0,0
6108,0,-154,-268,16768,9.0,-7.0,-3.0,-2.0,-4.0,0
6158,-1,-174,-264,16828,2.0,6.0,-2.0,-1.0,-6.0,0
6208,0,-160,-262,16768,-2.0,-3.0,-4.0,0.0,-8.0,0
6258,-1,-140,-260,16778,5.0,-11.0,4.0,-1.0,-9.0,0
6308,0,-168,-274,16784,-2.0,-8.0,6.0,-1.0,-10.0,0
6358,0,-134,-226,16728,-15.0,5.0,0.0,-2.0,-13.0,0
6408,0,-168,-230,16774,-2.0,-2.0,4.0,-1.0,-15.0,0
6458,0,-148,-256,16846,-3.0,-2.0,3.0,-2.0,-16.0,0
6508,0,88,60,16746,159.0,7.0,-30.0,-14.0,-33.0,0
6558,0,-38,-122,16772,160.0,-22.0,-20.0,-18.0,-38.0,0
6608,0,106,-18,16950,126.0,-22.0,25.0,-29.0,-47.0,0
6658,-1,-326,-4,16784,29.0,-24.0,3.0,-16.0,-56.0,0
6708,0,-212,138,16834,150.0,-70.0,83.0,-11.0,-71.0,0
6758,0,-80,294,16510,-19.0,6.0,-2.0,-13.0,-91.0,0
6808,-1,40,370,16848,-135.0,31.0,53.0,-22.0,-113.0,0
6858,0,114,1014,16450,-528.0,77.0,29.0,-33.0,-165.0,0
6908,-1,98,348,16710,-87.0,6.0,101.0,-41.0,-174.0,0
6958,0,-32,-1780,16650,-18.0,-13.0,104.0,-41.0,-72.0,0
7008,0,-106,-306,16664,-31.0,13.0,-12.0,-38.0,-62.0,0
7058,0,-166,-336,16804,1.0,2.0,3.0,-32.0,-51.0,0
7108,0,-168,-316,16762,-11.0,-2.0,3.0,-27.0,-44.0,0
7158,0,-124,-328,16770,-12.0,-6.0,4.0,-24.0,-36.0,0
7208,0,-162,-314,16778,-12.0,-6.0,2.0,-21.0,-31.0,0
7258,0,-160,-318,16778,-11.0,-1.0,2.0,-18.0,-26.0,0
7308,0,-168,-322,16758,-11.0,-4.0,3.0,-14.0,-22.0,0
7358,0,-136,-306,16796,-11.0,-1.0,3.0,-13.0,-19.0,0
7408,0,-158,-326,16778,-10.0,-3.0,3.0,-12.0,-15.0,0
7458,0,-154,-324,16812,-10.0,-3.0,3.0,-10.0,-13.0,0
7508,0,-168,-304,16742,-11.0,-3.0,3.0,-8.0,-11.0,0
7558,0,-174,-320,16800,-10.0,0.0,3.0,-6.0,-9.0,0
7608,0,-150,-326,16792,-7.0,-3.0,4.0,-6.0,-7.0,0
7658,0,-166,-324,16758,-10.0,-7.0,4.0,-5.0,-6.0,0
7708,0,-166,-322,16794,-8.0,1.0,4.0,-4.0,-4.0,0
7758,0,-166,-312,16782,-8.0,-1.0,3.0,-3.0,-4.0,0
7808,0,-158,-316,16768,-8.0,-2.0,2.0,-2.0,-3.0,0
7858,0,-158,-320,16768,-10.0,-3.0,4.0,-2.0,-2.0,0
7908,0,-178,-432,16670,15.0,-54.0,3.0,-1.0,3.0,0
7958,0,-134,-342,16632,15.0,-2.0,3.0,-2.0,4.0,0
8008,0,-160,-380,16690,3.0,-10.0,3.0,-2.0,7.0,0
8058,0,-130,-280,16774,9.0,0.0,3.0,-3.0,4.0,0
8108,0,-142,-300,16800,-1.0,-4.0,5.0,-3.0,3.0,0
8158,0,-148,-304,16860,3.0,3.0,3.0,-3.0,1.0,0
8208,0,-150,-318,16832,-15.0,-7.0,4.0,-3.0,1.0,0
8258,0,-178,-350,16764,-6.0,-11.0,5.0,-2.0,3.0,0
8308,0,-160,-294,16752,-15.0,-2.0,2.0,-2.0,1.0,0
8358,0,-130,-308,16758,-4.0,2.0,3.0,-3.0,1.0,0
8408,0,-164,-306,16778,-13.0,-5.0,2.0,-2.0,0.0,0
8458,0,-138,-304,16782,-8.0,-3.0,3.0,-3.0,0.0,0
8508,0,-154,-336,16774,-11.0,-3.0,4.0,-3.0,0.0,0
8558,-1,-148,-294,16790,-7.0,-2.0,2.0,-3.0,0.0,0
8608,0,-162,-322,16772,-8.0,-1.0,1.0,-2.0,0.0,0
8658,0,-144,-294,16796,-9.0,-2.0,2.0,-3.0,-1.0,0
8708,0,-164,-308,16772,-7.0,-2.0,4.0,-2.0,-1.0,0
8758,0,-144,-318,16784,-9.0,-2.0,4.0,-3.0,0.0,0
8808,0,-160,-322,16748,-11.0,-1.0,2.0,-2.0,0.0,0
8858,0,-152,-302,16768,-8.0,-2.0,3.0,-2.0,-1.0,0
8908,0,-150,-320,16772,-9.0,-2.0,5.0,-2.0,0.0,0
8958,0,-152,-312,16780,-9.0,-3.0,3.0,-2.0,0.0,0
9008,0,-158,-338,16774,-9.0,-3.0,3.0,-2.0,0.0,0
9058,0,-164,-314,16746,-6.0,-3.0,4.0,-2.0,0.0,0
9108,0,-160,-330,16770,-7.0,-2.0,4.0,-1.0,1.0,0
9158,0,-174,-324,16792,-8.0,-3.0,2.0,0.0,1.0,0
9208,0,-158,-312,16758,-9.0,-4.0,4.0,0.0,1.0,0
9258,0,-172,-326,16716,-9.0,-2.0,4.0,0.0,1.0,0
9308,0,-162,-310,16750,-7.0,-3.0,4.0,0.0,1.0,0
9358,0,-164,-314,16752,-7.0,-3.0,4.0,0.0,0.0,0
9408,0,-148,-312,16750,-9.0,-2.0,3.0,0.0,0.0,0
9458,0,-140,-310,16764,-8.0,-3.0,4.0,-1.0,0.0,0
9508,0,-174,-310,16780,-9.0,-2.0,3.0,0.0,0.0,0
9558,0,-150,-332,16762,-9.0,-2.0,3.0,-1.0,0.0,0
9608,0,-150,-308,16772,-8.0,-2.0,2.0,-1.0,0.0,0
9658,0,-178,-334,16766,-8.0,-3.0,3.0,0.0,1.0,0
9708,0,-172,-322,16790,-8.0,-2.0,3.0,0.0,1.0,0
9758,0,-132,-312,16782,-7.0,-3.0,4.0,-1.0,1.0,0
9808,0,-156,-308,16798,-8.0,-3.0,5.0,-1.0,0.0,0
9858,0,-162,-310,16794,-10.0,0.0,4.0,-1.0,0.0,0
9908,0,-152,-322,16750,-9.0,-4.0,3.0,-1.0,0.0,0
9958,0,-150,-326,16734,-8.0,-3.0,4.0,-1.0,0.0,0
10008,0,-168,-312,16790,-9.0,-3.0,3.0,-1.0,0.0,0
10058,0,-160,-314,16778,-9.0,-2.0,3.0,-1.0,0.0,0
10108,0,-152,-306,16728,-6.0,-4.0,4.0,-1.0,0.0,0
10158,0,-166,-310,16744,-10.0,-5.0,4.0,0.0,0.0,0
10208,0,-170,-328,16730,-10.0,-3.0,2.0,0.0,0.0,0
10258,0,-148,-312,16752,-9.0,-2.0,2.0,0.0,0.0,0
10308,0,-150,-318,16748,-10.0,-2.0,3.0,-1.0,0.0,0
10358,0,-150,-312,16758,-11.0,0.0,4.0,-1.0,0.0,0
10408,0,-168,-322,16766,-10.0,-1.0,5.0,-1.0,0.0,0
10458,0,-156,-326,16780,-9.0,-2.0,4.0,-1.0,0.0,0
10508,0,-132,-312,16750,-8.0,-4.0,2.0,-2.0,0.0,0
10558,0,-150,-328,16764,-10.0,-2.0,5.0,-2.0,1.0,0
10608,0,-138,-318,16748,-8.0,-2.0,4.0,-3.0,1.0,0
10658,0,-162,-316,16768,-8.0,-2.0,4.0,-2.0,1.0,0
10708,1814,-2044,858,19348,-46.0,-156.0,-9.0,-2.0,0.0,0
10758,3933,146,-68,16812,39.0,49.0,23.0,-17.0,-12.0,0
10808,10817,-22,30,16808,26.0,17.0,-10.0,-22.0,-27.0,0
10858,15798,-62,40,16816,37.0,14.0,-12.0,-23.0,-41.0,0
10908,18444,-54,142,16748,46.0,5.0,-4.0,-25.0,-59.0,0
10958,19883,-56,174,16782,18.0,0.0,-3.0,-27.0,-75.0,0
11008,20669,-40,182,16790,9.0,-1.0,-4.0,-29.0,-89.0,0
11058,20970,-60,208,16746,-4.0,0.0,-1.0,-30.0,-102.0,0
11108,21111,-40,172,16798,-12.0,-1.0,4.0,-31.0,-112.0,0
11158,21187,-32,190,16792,-13.0,-2.0,3.0,-33.0,-121.0,0
11208,21223,-40,172,16780,-16.0,-1.0,1.0,-34.0,-128.0,0
11258,21264,-50,170,16768,-14.0,0.0,3.0,-35.0,-133.0,0
11308,21274,-48,166,16770,-13.0,-1.0,4.0,-35.0,-138.0,0
11358,21273,-58,142,16748,-14.0,-2.0,4.0,-35.0,-141.0,0
11408,21283,-48,164,16762,-17.0,0.0,4.0,-36.0,-144.0,0
11458,21254,-60,172,16778,-16.0,-1.0,2.0,-35.0,-147.0,0
11508,21207,-46,152,16754,-19.0,-1.0,4.0,-36.0,-149.0,0
11558,21174,-66,134,16762,-12.0,-2.0,4.0,-35.0,-150.0,0
11608,21175,-66,136,16766,-13.0,-1.0,3.0,-35.0,-150.0,0
11658,21156,-48,142,16768,-11.0,-3.0,4.0,-35.0,-151.0,0
11708,21158,-30,138,16742,-11.0,-2.0,4.0,-37.0,-152.0,0
11758,21173,-54,136,16768,-8.0,-1.0,3.0,-37.0,-152.0,0
11808,21167,-52,128,16760,-13.0,-3.0,3.0,-37.0,-152.0,0
11858,21128,-64,140,16764,-11.0,-2.0,3.0,-36.0,-152.0,0
11908,21141,-52,144,16750,-10.0,-3.0,4.0,-36.0,-153.0,0
11958,21143,-48,138,16730,-10.0,-2.0,4.0,-36.0,-153.0,0
12008,21155,-72,112,16758,-8.0,-3.0,3.0,-35.0,-152.0,0
12058,21168,-50,120,16776,-12.0,-1.0,3.0,-36.0,-151.0,0
12108,21168,-64,142,16762,-12.0,-3.0,3.0,-35.0,-152.0,0
12158,21176,-72,132,16786,-8.0,0.0,4.0,-34.0,-152.0,0
12208,21191,-38,112,16786,-13.0,-1.0,2.0,-36.0,-151.0,0
12258,21185,-56,132,16786,-11.0,-3.0,5.0,-35.0,-151.0,0
12308,21201,-44,126,16764,-9.0,-2.0,3.0,-36.0,-151.0,0
12358,21217,-66,128,16772,-10.0,-3.0,4.0,-35.0,-151.0,0
12408,21158,-58,120,16782,-11.0,-3.0,3.0,-35.0,-151.0,0
12458,20964,-50,118,16754,-20.0,-4.0,3.0,-36.0,-150.0,0
12508,19553,-28,100,16790,-32.0,-21.0,-2.0,-37.0,-149.0,0
12558,3768,1160,2594,18880,693.0,122.0,-503.0,-37.0,-150.0,0
12608,0,-106,-732,15696,279.0,547.0,169.0,-34.0,-103.0,0
12658,0,-158,-288,16832,56.0,6.0,7.0,-29.0,-89.0,0
12708,0,-172,-258,16794,-24.0,3.0,4.0,-24.0,-79.0,0
12758,0,-158,-278,16796,-14.0,-6.0,5.0,-21.0,-69.0,0
12808,-1,-162,-292,16766,-10.0,-3.0,4.0,-17.0,-59.0,0
12858,0,-154,-300,16754,-11.0,-2.0,3.0,-15.0,-51.0,0
12908,0,-176,-276,16772,-11.0,-2.0,2.0,-12.0,-45.0,0
12958,-1,-134,-288,16754,-9.0,0.0,5.0,-11.0,-40.0,0
13008,0,-148,-292,16780,-10.0,-2.0,5.0,-10.0,-35.0,0
13058,0,-164,-292,16764,-11.0,-2.0,5.0,-9.0,-31.0,0
13108,0,-164,-302,16778,-9.0,-3.0,4.0,-7.0,-27.0,0
13158,0,-168,-284,16766,-9.0,-2.0,5.0,-6.0,-24.0,0
13208,0,-142,-300,16756,-8.0,-1.0,3.0,-6.0,-21.0,0
13258,-1,-160,-308,16748,-11.0,-3.0,2.0,-5.0,-18.0,0
13308,-1,-168,-280,16790,-9.0,0.0,3.0,-4.0,-17.0,0
13358,0,-142,-300,16760,-9.0,-3.0,3.0,-4.0,-15.0,0
13408,0,-146,-296,16766,-9.0,-1.0,2.0,-4.0,-14.0,0
13458,0,-164,-306,16790,-9.0,-3.0,4.0,-3.0,-12.0,0
13508,0,-154,-288,16772,-10.0,-2.0,4.0,-3.0,-12.0,0
13558,0,-168,-300,16764,-9.0,-1.0,2.0,-2.0,-11.0,0
13608,0,-158,-284,16770,-10.0,-2.0,3.0,-2.0,-11.0,0
13658,0,-162,-306,16746,-9.0,-2.0,3.0,-1.0,-9.0,0
13708,0,-158,-302,16750,-10.0,-2.0,3.0,-1.0,-9.0,0
13758,0,-148,-314,16744,-8.0,-3.0,4.0,-2.0,-7.0,0
13808,0,-168,-302,16746,-11.0,-3.0,3.0,-1.0,-7.0,0
13858,0,-164,-290,16766,-9.0,-3.0,3.0,-1.0,-7.0,0
13908,0,-162,-314,16752,-10.0,-3.0,3.0,0.0,-6.0,0
13958,-1,-162,-304,16766,-7.0,-2.0,3.0,0.0,-5.0,0
14008,0,-168,-302,16776,-11.0,-4.0,2.0,0.0,-5.0,0
14058,0,-172,-292,16772,-8.0,-1.0,2.0,0.0,-6.0,0
14108,0,-172,-308,16748,-8.0,-2.0,2.0,0.0,-5.0,0
14158,0,-168,-316,16768,-8.0,-2.0,2.0,1.0,-4.0,0
14208,0,-158,-310,16762,-8.0,-2.0,5.0,0.0,-4.0,0
14258,-1,-144,-310,16750,-9.0,-3.0,3.0,0.0,-3.0,0
14308,0,-172,-306,16774,-7.0,-1.0,4.0,0.0,-3.0,0
14358,0,-146,-306,16750,-9.0,-3.0,3.0,0.0,-3.0,0
14408,0,-154,-322,16756,-9.0,-2.0,4.0,0.0,-2.0,0
14458,0,-168,-304,16774,-8.0,-2.0,5.0,0.0,-2.0,0
14508,0,-140,-316,16782,-8.0,-2.0,3.0,-1.0,-2.0,0
14558,0,-156,-302,16766,-8.0,-1.0,2.0,-1.0,-2.0,0
14608,0,-160,-312,16778,-8.0,-3.0,4.0,-1.0,-2.0,0
14658,0,-156,-302,16764,-7.0,-2.0,3.0,-1.0,-2.0,0
14708,0,-160,-290,16782,-10.0,-1.0,3.0,-1.0,-3.0,0
14758,0,-164,-308,16764,-8.0,-2.0,3.0,0.0,-3.0,0
14808,0,-150,-304,16772,-9.0,-2.0,4.0,-1.0,-3.0,0
14858,0,-172,-280,16772,-8.0,-1.0,3.0,0.0,-4.0,0
14908,0,-154,-302,16784,-9.0,-2.0,4.0,0.0,-4.0,0
14958,0,-154,-310,16782,-9.0,-1.0,5.0,-1.0,-4.0,0
15008,0,-156,-292,16792,-10.0,-1.0,4.0,-1.0,-4.0,0
15058,0,-152,-294,16788,-8.0,-3.0,3.0,-1.0,-5.0,0
15108,0,-160,-296,16780,-8.0,-2.0,3.0,-1.0,-5.0,0
15158,0,-166,-290,16792,-9.0,-1.0,4.0,0.0,-5.0,0
15208,-1,-152,-304,16762,-9.0,-2.0,1.0,-1.0,-5.0,0
15258,0,-156,-304,16766,-11.0,-2.0,4.0,-1.0,-5.0,0
15308,0,-158,-312,16756,-9.0,-2.0,5.0,-1.0,-4.0,0
15358,0,-132,-310,16762,-8.0,-2.0,3.0,-2.0,-4.0,0
15408,0,-174,-312,16780,-8.0,-3.0,2.0,-1.0,-3.0,0
15458,0,-174,-304,16802,-8.0,-1.0,2.0,0.0,-3.0,0
15508,0,-162,-298,16796,-8.0,0.0,3.0,0.0,-4.0,0
15558,0,-162,-308,16794,-9.0,-4.0,3.0,0.0,-3.0,0
15608,0,-176,-312,16784,-8.0,-3.0,4.0,0.0,-3.0,0
15658,0,-174,-298,16788,-10.0,-2.0,2.0,1.0,-3.0,0
15708,0,-162,-302,16778,-9.0,-1.0,3.0,0.0,-3.0,0
15758,0,-158,-314,16786,-9.0,-3.0,3.0,0.0,-3.0,0
15808,0,-154,-302,16786,-8.0,-3.0,4.0,0.0,-3.0,0
15858,0,-148,-298,16784,-6.0,-2.0,3.0,0.0,-3.0,0
15908,0,-152,-296,16792,-8.0,-1.0,4.0,0.0,-4.0,0
15958,-1,-160,-296,16784,-8.0,-1.0,4.0,0.0,-4.0,0
16008,0,-162,-304,16768,-9.0,-2.0,4.0,0.0,-4.0,0
16058,0,-154,-318,16790,-9.0,-2.0,4.0,0.0,-3.0,0
16108,0,-162,-286,16780,-8.0,-4.0,3.0,0.0,-4.0,0
16158,0,-158,-296,16782,-8.0,-3.0,3.0,0.0,-4.0,0
16208,0,-154,-298,16774,-10.0,-1.0,3.0,-1.0,-5.0,0
16258,0,-150,-292,16792,-9.0,-3.0,3.0,-1.0,-5.0,0
16308,0,-166,-308,16788,-8.0,-2.0,3.0,0.0,-5.0,0
16358,0,-146,-310,16802,-9.0,-2.0,4.0,-1.0,-4.0,0
16408,0,-170,-308,16774,-10.0,-2.0,3.0,0.0,-4.0,0
16458,0,-164,-300,16774,-9.0,-1.0,4.0,0.0,-4.0,0
16508,0,-162,-312,16796,-9.0,-2.0,2.0,0.0,-3.0,0
16558,0,-164,-300,16790,-10.0,-3.0,4.0,0.0,-4.0,0
16608,0,-160,-312,16780,-8.0,-1.0,2.0,0.0,-3.0,0
16658,0,-152,-298,16770,-6.0,-2.0,4.0,0.0,-4.0,0
16708,172,-400,378,17472,316.0,-150.0,62.0,0.0,-8.0,0
16758,2024,76,52,16590,50.0,6.0,20.0,-11.0,-26.0,0
16808,4744,42,44,16800,-31.0,52.0,-11.0,-20.0,-40.0,0
16858,12155,-34,84,16760,4.0,22.0,11.0,-23.0,-54.0,0
16908,16088,-10,36,16814,8.0,16.0,6.0,-27.0,-64.0,0
16958,18684,-34,76,16796,3.0,7.0,3.0,-30.0,-75.0,0
17008,19657,-80,66,16778,-2.0,6.0,2.0,-29.0,-83.0,0
17058,20333,-38,86,16774,8.0,2.0,-2.0,-31.0,-91.0,0
17108,20803,-50,82,16776,-1.0,0.0,4.0,-32.0,-98.0,0
17158,21109,-68,104,16804,-4.0,1.0,3.0,-32.0,-104.0,0
17208,21335,-62,110,16804,-3.0,0.0,2.0,-32.0,-110.0,0
17258,21434,-62,120,16802,-3.0,-2.0,3.0,-32.0,-116.0,0
17308,21539,-56,130,16806,0.0,-3.0,3.0,-33.0,-121.0,0
17358,21625,-68,116,16774,-8.0,-2.0,3.0,-33.0,-125.0,0
17408,21671,-68,120,16786,-12.0,-1.0,3.0,-32.0,-129.0,0
17458,21706,-74,124,16782,-13.0,-3.0,3.0,-32.0,-132.0,0
17508,21730,-66,126,16772,-10.0,-1.0,4.0,-32.0,-134.0,0
17558,21750,-50,106,16804,-12.0,-3.0,3.0,-33.0,-136.0,0
17608,21784,-54,126,16780,-11.0,-1.0,3.0,-33.0,-138.0,0
17658,21816,-44,96,16774,-12.0,-3.0,3.0,-34.0,-138.0,0
17708,21840,-56,118,16802,-11.0,-1.0,3.0,-34.0,-140.0,0
17758,21832,-74,108,16776,-16.0,-2.0,3.0,-34.0,-140.0,0
17808,21790,-74,110,16782,-11.0,-1.0,2.0,-33.0,-141.0,0
17858,21778,-62,102,16792,-13.0,-2.0,4.0,-33.0,-141.0,0
17908,21748,-44,82,16798,-13.0,-1.0,2.0,-34.0,-140.0,0
17958,21738,-66,92,16788,-11.0,-1.0,3.0,-34.0,-140.0,0
18008,21735,-60,104,16796,-11.0,-1.0,2.0,-34.0,-140.0,0
18058,21728,-52,108,16790,-10.0,-2.0,3.0,-34.0,-141.0,0
18108,21730,-56,102,16792,-11.0,-1.0,3.0,-34.0,-141.0,0
18158,21768,-60,102,16796,-9.0,-1.0,3.0,-34.0,-141.0,0
18208,21785,-74,102,16802,-8.0,-2.0,4.0,-34.0,-141.0,0
18258,21803,-64,120,16808,-10.0,0.0,3.0,-33.0,-142.0,0
18308,21799,-62,108,16814,-7.0,-1.0,4.0,-33.0,-143.0,0
18358,21796,-56,102,16792,-8.0,-1.0,3.0,-34.0,-142.0,0
18408,21836,-54,98,16794,-8.0,-1.0,3.0,-34.0,-142.0,0
18458,21864,-70,102,16812,-9.0,-2.0,4.0,-34.0,-142.0,0
18508,21886,-76,114,16796,-9.0,-1.0,2.0,-33.0,-143.0,0
18558,21901,-80,122,16806,-9.0,-2.0,4.0,-32.0,-144.0,0
18608,21948,-74,112,16808,-8.0,-1.0,5.0,-32.0,-144.0,0
18658,21988,-54,102,16802,-7.0,-1.0,2.0,-32.0,-144.0,0
18708,22032,-60,134,16784,-12.0,-1.0,3.0,-33.0,-145.0,0
18758,22076,-80,94,16784,-12.0,-2.0,3.0,-32.0,-144.0,0
18808,22060,-76,112,16806,-12.0,-4.0,4.0,-31.0,-144.0,0
18858,21866,-66,106,16790,-23.0,-6.0,2.0,-31.0,-144.0,0
18908,21486,-54,82,16820,-25.0,-5.0,4.0,-32.0,-143.0,0
18958,19835,-42,102,16822,-53.0,-20.0,-1.0,-33.0,-143.0,0
19008,6840,634,1028,17654,27.0,69.0,-274.0,-38.0,-149.0,0
19058,18,940,4432,4540,-1535.0,-227.0,190.0,-39.0,-153.0,0
19108,0,-704,278,16960,321.0,-233.0,111.0,-5.0,-160.0,0
19158,0,-188,-106,17202,-89.0,7.0,2.0,-5.0,-158.0,0
19208,0,-156,-330,16796,-13.0,-4.0,3.0,-5.0,-134.0,0
19258,0,-198,-270,16802,-11.0,-4.0,3.0,-2.0,-116.0,0
19308,-1,-180,-290,16810,-15.0,-1.0,3.0,-1.0,-100.0,0
19358,0,-182,-294,16778,-14.0,-3.0,3.0,0.0,-86.0,0
19408,0,-166,-294,16794,-12.0,-3.0,4.0,0.0,-74.0,0
19458,0,-180,-272,16758,-11.0,1.0,3.0,1.0,-65.0,0
19508,0,-178,-308,16790,-10.0,-5.0,3.0,1.0,-56.0,0
19558,0,-186,-308,16794,-11.0,-2.0,5.0,2.0,-48.0,0
19608,-1,-176,-300,16794,-11.0,0.0,3.0,3.0,-41.0,0
19658,0,-168,-304,16772,-9.0,-2.0,4.0,3.0,-35.0,0
19708,0,-164,-288,16826,-9.0,0.0,4.0,2.0,-32.0,0
19758,0,-184,-322,16794,-9.0,-1.0,3.0,3.0,-26.0,0
19808,-1,-178,-296,16788,-8.0,-2.0,3.0,3.0,-23.0,0
19858,-1,-162,-242,17294,15.0,5.0,4.0,3.0,-23.0,0
19908,0,-202,-276,16864,-14.0,4.0,5.0,5.0,-22.0,0
19958,0,-182,-280,16812,-3.0,-12.0,2.0,5.0,-20.0,0
20008,0,-176,-328,16806,-12.0,-1.0,3.0,5.0,-17.0,0
20058,0,-190,-332,16774,-9.0,-2.0,2.0,6.0,-13.0,0
20108,0,-164,-284,16784,-9.0,-3.0,4.0,5.0,-13.0,0
20158,0,-196,-316,16788,-9.0,-2.0,4.0,6.0,-11.0,0
20208,0,-198,-302,16782,-12.0,-3.0,3.0,7.0,-10.0,0
20258,0,-180,-328,16780,-11.0,-1.0,3.0,7.0,-8.0,0
20308,-1,-178,-272,16774,-9.0,-2.0,4.0,6.0,-9.0,0
20358,0,-186,-306,16804,-10.0,-3.0,3.0,7.0,-8.0,0
20408,0,-176,-310,16796,-10.0,-3.0,3.0,6.0,-7.0,0
20458,0,-186,-324,16762,-8.0,-3.0,4.0,7.0,-5.0,0
20508,0,-182,-308,16794,-9.0,-3.0,2.0,7.0,-5.0,0
20558,0,-176,-312,16756,-8.0,-2.0,2.0,6.0,-4.0,0
20608,0,-190,-304,16792,-10.0,-3.0,4.0,7.0,-4.0,0
20658,0,-166,-320,16784,-10.0,-3.0,3.0,6.0,-3.0,0
20708,0,-172,-308,16794,-10.0,-1.0,5.0,6.0,-3.0,0
20758,0,-182,-322,16782,-8.0,-4.0,4.0,6.0,-2.0,0
20808,0,-176,-300,16800,-10.0,-2.0,4.0,6.0,-2.0,0
20858,0,-186,-310,16786,-8.0,-3.0,2.0,6.0,-2.0,0
20908,0,-160,-302,16764,-7.0,-1.0,5.0,5.0,-3.0,0
20958,0,-166,-316,16786,-4.0,0.0,3.0,4.0,-2.0,0
21008,0,-202,-284,16554,49.0,18.0,18.0,6.0,-3.0,0
21058,4,-356,136,17198,-104.0,130.0,12.0,14.0,-25.0,0
21108,4,-188,-152,16824,-54.0,20.0,-39.0,14.0,-30.0,0
21158,5,-270,-292,15616,168.0,-74.0,21.0,18.0,-25.0,0
21208,82,-14,-104,16906,67.0,-45.0,9.0,8.0,-32.0,0
21258,1748,-34,-102,16802,12.0,-9.0,7.0,0.0,-38.0,0
21308,2647,-42,4,16814,0.0,1.0,-5.0,-5.0,-49.0,0
21358,3295,-36,-14,16808,-9.0,-2.0,5.0,-11.0,-57.0,0
21408,4155,-48,-30,16818,-5.0,-4.0,-24.0,-15.0,-63.0,0
21458,4549,6,-20,16806,-9.0,-2.0,-1.0,-21.0,-69.0,0
21508,4713,-2,-36,16830,-9.0,-6.0,-3.0,-26.0,-73.0,0
21558,4982,-8,18,16822,-9.0,-7.0,-3.0,-30.0,-79.0,0
21608,5544,-32,-54,17030,39.0,-49.0,1.0,-32.0,-80.0,0
21658,5723,80,268,16650,457.0,-52.0,2.0,-39.0,-98.0,0
21708,5507,76,364,16854,34.0,-10.0,5.0,-46.0,-118.0,0
21758,5665,94,420,16744,18.0,16.0,2.0,-52.0,-138.0,0
21808,4743,72,354,16788,-215.0,48.0,-4.0,-56.0,-151.0,0
21858,4167,-10,110,17146,-102.0,9.0,2.0,-55.0,-150.0,0
21908,4064,0,34,16824,-66.0,10.0,0.0,-55.0,-146.0,0
21958,3879,-12,26,16824,-23.0,3.0,4.0,-54.0,-141.0,0
22008,3789,8,-8,16840,-10.0,-5.0,3.0,-55.0,-136.0,0
22058,4297,-2,18,16848,-9.0,-2.0,4.0,-55.0,-132.0,0
22108,4887,-6,14,16822,-9.0,-1.0,1.0,-54.0,-129.0,0
22158,5302,-2,10,16842,-10.0,1.0,0.0,-54.0,-126.0,0
22208,5654,-22,-26,16812,-10.0,2.0,0.0,-53.0,-122.0,0
22258,5982,-12,-10,16848,-11.0,0.0,4.0,-53.0,-119.0,0
22308,6123,-2,16,16842,-10.0,-3.0,4.0,-53.0,-118.0,0
22358,6219,-6,-10,16852,-10.0,-2.0,5.0,-53.0,-116.0,0
22408,6538,-16,-8,16846,-9.0,-3.0,3.0,-52.0,-114.0,0
22458,6827,18,-8,16854,-8.0,-1.0,5.0,-54.0,-113.0,0
22508,7149,-2,-10,16842,-8.0,0.0,4.0,-54.0,-112.0,0
22558,7385,-18,-14,16852,-9.0,-1.0,3.0,-53.0,-110.0,0
22608,7646,-16,-20,16844,-8.0,0.0,4.0,-52.0,-109.0,0
22658,7957,4,-4,16858,-8.0,-1.0,5.0,-53.0,-108.0,0
22708,8425,18,4,16858,-7.0,-2.0,4.0,-54.0,-108.0,0
22758,8947,-10,-16,16866,-8.0,-2.0,6.0,-54.0,-107.0,0
22808,9653,-6,6,16858,-7.0,1.0,8.0,-53.0,-108.0,0
22858,11510,-26,0,16848,3.0,0.0,7.0,-52.0,-108.0,0
22908,14553,14,-10,16902,6.0,3.0,2.0,-53.0,-107.0,0
22958,16593,-28,34,16850,7.0,3.0,1.0,-52.0,-109.0,0
23008,18279,-26,56,16864,5.0,6.0,1.0,-51.0,-111.0,0
23058,20029,-72,84,16848,11.0,1.0,-6.0,-48.0,-115.0,0
23108,20981,-62,56,16844,8.0,4.0,-4.0,-46.0,-117.0,0
23158,21757,-34,86,16868,24.0,14.0,6.0,-45.0,-120.0,0
23208,22226,-86,148,16818,5.0,0.0,3.0,-42.0,-125.0,0
23258,22554,-72,150,16798,1.0,2.0,1.0,-40.0,-130.0,0
23308,22763,-40,92,16794,8.0,4.0,6.0,-40.0,-131.0,0
23358,22895,-40,186,16830,-9.0,0.0,5.0,-41.0,-137.0,0
23408,23041,-60,218,16878,-22.0,-5.0,0.0,-40.0,-144.0,0
23458,23149,-52,152,16832,3.0,2.0,4.0,-39.0,-146.0,0
23508,23191,-22,188,16866,-12.0,0.0,5.0,-40.0,-150.0,0
23558,23222,-54,174,16860,-15.0,-2.0,8.0,-40.0,-152.0,0
23608,23262,-72,148,16812,-12.0,-3.0,1.0,-38.0,-153.0,0
23658,23303,-26,162,16842,-10.0,-2.0,2.0,-39.0,-154.0,0
23708,23279,-36,142,16772,-10.0,0.0,1.0,-40.0,-155.0,0
23758,23293,-52,154,16822,-24.0,-5.0,1.0,-39.0,-155.0,0
23808,23281,-48,152,16868,-14.0,-3.0,2.0,-39.0,-156.0,0
23858,23266,-66,140,16874,-20.0,-2.0,2.0,-38.0,-156.0,0
23908,23276,-48,142,16820,-9.0,0.0,2.0,-38.0,-156.0,0
23958,23258,-46,116,16874,-14.0,-2.0,3.0,-38.0,-154.0,0
24008,23218,-2,100,16868,-11.0,2.0,3.0,-41.0,-152.0,0
24058,23225,-72,128,16802,-11.0,-4.0,3.0,-39.0,-152.0,0
24108,23228,-12,116,16828,-9.0,0.0,2.0,-41.0,-151.0,0
24158,23231,-52,126,16898,-9.0,-1.0,1.0,-40.0,-151.0,0
24208,23277,-38,152,16882,-9.0,-2.0,4.0,-40.0,-152.0,0
24258,23286,-46,130,16920,-10.0,-2.0,2.0,-40.0,-152.0,0
24308,23265,-58,112,16860,-7.0,-2.0,3.0,-39.0,-151.0,0
24358,23268,-56,152,16946,-10.0,-1.0,3.0,-39.0,-152.0,0
24408,23255,-40,44,16854,-9.0,0.0,1.0,-39.0,-148.0,0
24458,23203,-36,150,16852,-14.0,0.0,4.0,-40.0,-149.0,0
24508,22834,-40,118,16858,-41.0,-2.0,-1.0,-40.0,-149.0,0
24558,22073,-114,164,17042,-30.0,-8.0,6.0,-36.0,-151.0,0
24608,19891,-54,98,16968,-47.0,-15.0,15.0,-36.0,-149.0,0
24658,13286,-344,590,16960,-34.0,-11.0,-145.0,-22.0,-173.0,0
24708,4960,598,-932,16848,-42.0,-13.0,-58.0,-57.0,-116.0,0
24758,1944,-230,-62,16982,-32.0,-5.0,46.0,-45.0,-111.0,0
24808,1719,14,232,16864,-12.0,-1.0,16.0,-47.0,-122.0,0
24858,1579,6,-52,16970,-4.0,-2.0,30.0,-48.0,-117.0,0
24908,1430,62,2,16918,-13.0,-7.0,33.0,-53.0,-116.0,0
24958,1738,0,10,16964,-11.0,-7.0,2.0,-53.0,-115.0,0
25008,2010,-4,-30,16918,-10.0,-2.0,6.0,-53.0,-112.0,0
25058,2427,42,-12,16938,-11.0,-3.0,12.0,-55.0,-111.0,0
25108,2224,8,-56,16932,-8.0,-6.0,6.0,-56.0,-108.0,0
25158,2325,6,-30,16956,-9.0,1.0,4.0,-56.0,-106.0,0
25208,2306,28,-24,16942,-6.0,-8.0,4.0,-57.0,-105.0,0
25258,2453,18,-26,16928,-12.0,-1.0,5.0,-57.0,-104.0,0
25308,2682,6,-6,16932,-7.0,-4.0,3.0,-57.0,-104.0,0
25358,3005,14,-38,16908,-10.0,-3.0,3.0,-58.0,-103.0,0
25408,3233,6,-4,16936,-8.0,-3.0,3.0,-57.0,-103.0,0
25458,2888,-28,-30,16906,-9.0,-2.0,4.0,-56.0,-102.0,0
25508,3118,4,-10,16920,-8.0,-2.0,3.0,-56.0,-102.0,0
25558,2986,8,-20,16934,-9.0,-3.0,4.0,-56.0,-102.0,0
25608,2957,4,2,16934,-9.0,-2.0,6.0,-56.0,-103.0,0
25658,2909,-8,-32,16904,-9.0,-2.0,5.0,-55.0,-102.0,0
25708,2910,8,0,16916,-9.0,-2.0,5.0,-56.0,-103.0,0
25758,3059,10,-22,16884,-10.0,-3.0,4.0,-56.0,-102.0,0
25808,3111,-18,-2,16912,-10.0,0.0,3.0,-55.0,-103.0,0
25858,3108,-14,-40,16898,-9.0,-3.0,3.0,-54.0,-102.0,0
25908,3122,-10,-14,16914,-10.0,-3.0,6.0,-54.0,-102.0,0
25958,2985,-10,-48,16910,-9.0,-3.0,2.0,-53.0,-100.0,0
26008,2828,-4,-24,16928,-10.0,-3.0,5.0,-53.0,-100.0,0
26058,2684,6,-32,16904,-12.0,1.0,3.0,-54.0,-99.0,0
26108,2533,-12,-32,16898,-9.0,-1.0,6.0,-53.0,-99.0,0
26158,2398,32,-74,16898,-9.0,-3.0,12.0,-55.0,-96.0,0
26208,2349,8,-92,16908,-10.0,-6.0,19.0,-55.0,-93.0,0
26258,2264,-16,2,16912,-10.0,-1.0,10.0,-54.0,-95.0,0
26308,2312,-8,-12,16904,-9.0,-3.0,9.0,-54.0,-97.0,0
26358,2325,16,-46,16922,-9.0,-2.0,13.0,-55.0,-96.0,0
26408,2326,8,6,16884,-10.0,-2.0,13.0,-55.0,-98.0,0
26458,2369,24,-90,16892,-10.0,-4.0,18.0,-56.0,-95.0,0
26508,2357,10,-16,16904,-9.0,-2.0,7.0,-57.0,-96.0,0
26558,2449,-4,4,16904,-7.0,-3.0,8.0,-56.0,-98.0,0
26608,2382,26,-38,16904,-9.0,-3.0,5.0,-57.0,-97.0,0
26658,2383,0,10,16884,-7.0,-2.0,15.0,-57.0,-99.0,0
26708,2374,46,-48,16890,-9.0,-2.0,5.0,-59.0,-98.0,0
26758,2522,-16,-8,16894,-9.0,-1.0,8.0,-57.0,-99.0,0
26808,2535,-42,30,16880,-7.0,-1.0,6.0,-55.0,-102.0,0
26858,2630,6,-26,16920,-7.0,-2.0,2.0,-55.0,-101.0,0
26908,2894,24,-18,16920,-7.0,-1.0,3.0,-56.0,-101.0,0
26958,3005,2,2,16916,-8.0,-2.0,3.0,-56.0,-102.0,0
27008,3097,16,-30,16896,-7.0,-1.0,3.0,-57.0,-101.0,0
27058,3080,16,-24,16902,-8.0,-3.0,2.0,-57.0,-101.0,0
27108,3126,2,-22,16908,-9.0,-1.0,3.0,-57.0,-101.0,0
27158,3167,-6,-6,16914,-8.0,-2.0,2.0,-56.0,-101.0,0
27208,3206,6,-30,16906,-10.0,0.0,0.0,-56.0,-101.0,0
27258,3210,6,-20,16930,-9.0,-2.0,2.0,-56.0,-101.0,0
27308,3207,8,-12,16890,-10.0,0.0,-6.0,-56.0,-101.0,0
27358,3249,-32,-4,16902,-8.0,-2.0,-5.0,-54.0,-102.0,0
27408,3208,4,-8,16924,-11.0,-1.0,-6.0,-55.0,-102.0,0
27458,3087,38,-22,16890,-9.0,-1.0,-6.0,-57.0,-102.0,0
27508,2941,76,-50,16924,-10.0,1.0,-12.0,-60.0,-100.0,0
27558,2992,30,-34,16912,-8.0,-1.0,-4.0,-61.0,-99.0,0
27608,3003,-52,24,16892,-11.0,-1.0,-1.0,-57.0,-102.0,0
27658,3091,28,-38,16906,-8.0,-2.0,-1.0,-58.0,-101.0,0
27708,2942,14,-32,16894,-9.0,-1.0,0.0,-58.0,-100.0,0
27758,2968,6,-14,16906,-9.0,-2.0,4.0,-58.0,-100.0,0
27808,2659,18,-26,16906,-10.0,-2.0,3.0,-58.0,-100.0,0
27858,2632,-6,-20,16922,-10.0,-3.0,4.0,-58.0,-100.0,0
27908,2444,10,-20,16884,-9.0,-1.0,4.0,-58.0,-100.0,0
27958,2504,-12,-34,16912,-9.0,-2.0,3.0,-57.0,-99.0,0
28008,2357,16,-34,16906,-11.0,-3.0,5.0,-57.0,-99.0,0
28058,2092,46,-46,16882,-9.0,-3.0,10.0,-59.0,-98.0,0
28108,1931,76,-56,16914,-11.0,-2.0,15.0,-62.0,-96.0,0
28158,1731,120,-108,16880,-9.0,-5.0,14.0,-67.0,-92.0,0
28208,1704,68,-14,16890,-10.0,-4.0,20.0,-69.0,-94.0,0
28258,1662,-116,68,16900,-9.0,-3.0,15.0,-61.0,-99.0,0
28308,1819,-6,-34,16900,-8.0,-2.0,3.0,-59.0,-99.0,0
28358,1955,-4,-22,16900,-7.0,-2.0,2.0,-58.0,-99.0,0
28408,2209,20,-28,16896,-9.0,-3.0,4.0,-59.0,-99.0,0
28458,2545,6,-48,16892,-9.0,-2.0,3.0,-59.0,-98.0,0
28508,2817,12,-40,16908,-9.0,-2.0,5.0,-59.0,-97.0,0
28558,3204,28,-32,16912,-8.0,-1.0,-1.0,-59.0,-97.0,0
28608,3834,-44,-26,16916,-7.0,0.0,4.0,-56.0,-97.0,0
28658,5128,22,-14,16898,0.0,-2.0,5.0,-57.0,-98.0,0
28708,7472,36,-54,16902,8.0,12.0,1.0,-59.0,-97.0,0
28758,12299,-40,16,16930,24.0,15.0,-7.0,-56.0,-99.0,0
28808,17248,-132,94,16936,14.0,16.0,2.0,-49.0,-105.0,0
28858,19757,-42,28,16846,5.0,6.0,4.0,-48.0,-107.0,0
28908,21174,-58,102,16906,12.0,5.0,-2.0,-46.0,-112.0,0
28958,22055,-72,56,16886,9.0,0.0,6.0,-43.0,-114.0,0
29008,22626,-26,134,16888,11.0,1.0,2.0,-44.0,-120.0,0
29058,22944,-84,122,16862,-5.0,-1.0,1.0,-41.0,-124.0,0
29108,23105,-40,70,16894,2.0,5.0,1.0,-41.0,-125.0,0
29158,23138,-46,162,16916,-9.0,-2.0,4.0,-41.0,-131.0,0
29208,23178,-40,88,16912,-8.0,0.0,-1.0,-41.0,-132.0,0
29258,23234,-54,118,16838,-9.0,-2.0,-1.0,-40.0,-134.0,0
29308,23259,-58,92,16866,-11.0,-3.0,6.0,-39.0,-135.0,0
29358,23314,-50,140,16852,-4.0,0.0,2.0,-39.0,-138.0,0
29408,23324,-36,108,16836,-9.0,0.0,5.0,-40.0,-139.0,0
29458,23349,-64,140,16948,-8.0,-2.0,2.0,-39.0,-141.0,0
29508,23371,-48,140,16924,-11.0,-1.0,4.0,-38.0,-143.0,0
29558,23380,-70,164,16948,-16.0,-3.0,3.0,-37.0,-146.0,0
29608,23409,-60,124,16948,-6.0,0.0,3.0,-37.0,-146.0,0
29658,23387,-30,82,16864,-10.0,1.0,2.0,-38.0,-145.0,0
29708,23403,-62,142,16912,-14.0,-4.0,1.0,-37.0,-146.0,0
29758,23379,-58,108,16880,-10.0,1.0,3.0,-37.0,-146.0,0
29808,23370,-28,156,16954,-15.0,-4.0,3.0,-38.0,-148.0,0
29858,23379,-50,100,16998,-12.0,-3.0,3.0,-38.0,-147.0,0
29908,23333,-24,124,16996,-10.0,1.0,4.0,-39.0,-147.0,0
29958,23319,-30,114,16968,-12.0,-2.0,4.0,-40.0,-147.0,0
30008,23305,-54,118,16984,-11.0,-3.0,4.0,-39.0,-147.0,0
30058,23281,-50,138,17012,-11.0,-1.0,2.0,-39.0,-148.0,0
30108,23264,-60,122,17010,-12.0,-2.0,3.0,-38.0,-148.0,0
30158,23211,-72,130,16966,-12.0,-2.0,3.0,-37.0,-148.0,0
30208,23178,-54,106,16996,-10.0,0.0,3.0,-37.0,-148.0,0
30258,23170,-42,86,17012,-9.0,-1.0,2.0,-38.0,-146.0,0
30308,23154,-92,146,16988,-12.0,-5.0,3.0,-35.0,-147.0,0
30358,22925,-72,114,16976,-36.0,1.0,1.0,-35.0,-147.0,0
30408,21825,-98,146,17130,-22.0,-6.0,1.0,-33.0,-149.0,0
30458,20573,-12,54,16998,-26.0,-3.0,5.0,-35.0,-145.0,0
30508,17418,-74,134,17084,-32.0,-11.0,12.0,-35.0,-146.0,0
30558,14340,-8,30,16970,-26.0,-7.0,-39.0,-37.0,-142.0,0
30608,11324,-120,122,17044,-18.0,1.0,-57.0,-34.0,-143.0,0
30658,8332,88,-160,16988,-18.0,-4.0,-37.0,-41.0,-129.0,0
30708,7776,-92,76,17004,-9.0,-3.0,-25.0,-39.0,-130.0,0
30758,8171,-6,2,16986,-10.0,-3.0,4.0,-41.0,-127.0,0
30808,9240,-24,20,17024,0.0,-2.0,5.0,-42.0,-125.0,0
30858,11387,8,18,17008,-9.0,-3.0,3.0,-44.0,-123.0,0
30908,11862,-32,26,16996,-7.0,-1.0,2.0,-44.0,-122.0,0
30958,12922,14,22,16994,-8.0,-2.0,3.0,-46.0,-121.0,0
31008,13668,-36,0,16982,-6.0,-2.0,3.0,-46.0,-119.0,0
31058,13969,-8,20,16994,-10.0,-1.0,3.0,-47.0,-118.0,0
31108,14019,-22,22,16990,-10.0,-1.0,3.0,-47.0,-117.0,0
31158,13693,-16,30,16970,-12.0,-3.0,3.0,-47.0,-117.0,0
31208,13566,-24,22,16956,-11.0,-1.0,3.0,-47.0,-117.0,0
31258,13146,-26,26,16978,-12.0,-1.0,4.0,-47.0,-117.0,0
31308,12787,-22,6,16972,-12.0,-2.0,4.0,-47.0,-116.0,0
31358,12052,-24,4,16938,-11.0,-3.0,5.0,-47.0,-115.0,0
31408,11270,-22,14,16964,-12.0,-3.0,4.0,-47.0,-114.0,0
31458,10858,-16,8,16958,-9.0,0.0,5.0,-47.0,-114.0,0
31508,10435,-28,32,16970,-11.0,-3.0,6.0,-47.0,-114.0,0
31558,10586,-6,4,16934,-9.0,-3.0,4.0,-48.0,-113.0,0
31608,10542,-32,10,16968,-10.0,-2.0,4.0,-47.0,-113.0,0
31658,10397,-16,6,16972,-11.0,-2.0,4.0,-47.0,-112.0,0
31708,9584,-22,-4,16970,-11.0,-1.0,3.0,-47.0,-111.0,0
31758,9054,-4,-16,16972,-11.0,-3.0,4.0,-48.0,-110.0,0
31808,8837,-26,4,16980,-11.0,-2.0,4.0,-48.0,-110.0,0
31858,9066,-24,-6,16942,-9.0,-2.0,5.0,-48.0,-109.0,0
31908,9186,-10,-6,16954,-10.0,-1.0,4.0,-48.0,-108.0,0
31958,9331,-30,-6,16972,-9.0,-2.0,5.0,-48.0,-108.0,0
32008,9312,0,-4,16936,-10.0,-2.0,4.0,-49.0,-108.0,0
32058,9266,-20,-14,16948,-9.0,-2.0,3.0,-48.0,-107.0,0
32108,9222,-20,-6,16952,-9.0,-2.0,5.0,-48.0,-107.0,0
32158,9217,-10,-8,16972,-9.0,-3.0,3.0,-49.0,-106.0,0
32208,9310,-10,-10,16942,-8.0,-3.0,4.0,-49.0,-106.0,0
32258,9080,-30,-8,16956,-12.0,0.0,2.0,-48.0,-106.0,0
32308,9099,-14,-16,16954,-9.0,1.0,3.0,-49.0,-105.0,0
32358,9143,-16,-12,16946,-9.0,-4.0,4.0,-49.0,-105.0,0
32408,9711,-10,2,16942,-7.0,-5.0,4.0,-49.0,-105.0,0
32458,9631,2,-8,16924,-9.0,-2.0,3.0,-50.0,-105.0,0
32508,9066,12,0,16958,-8.0,-2.0,4.0,-51.0,-105.0,0
32558,8713,-16,0,16956,-9.0,-3.0,5.0,-51.0,-106.0,0
32608,8289,-6,-6,16966,-11.0,-2.0,4.0,-51.0,-106.0,0
32658,7882,-26,-6,16928,-8.0,-2.0,4.0,-50.0,-106.0,0
32708,7953,-22,0,16914,-8.0,-1.0,4.0,-50.0,-106.0,0
32758,7852,-30,6,16954,-8.0,0.0,4.0,-49.0,-106.0,0
32808,7918,-26,-14,16910,-9.0,-2.0,3.0,-49.0,-106.0,0
32858,7865,-24,0,16930,-9.0,-2.0,4.0,-48.0,-106.0,0
32908,7868,-10,-16,16924,-9.0,-2.0,5.0,-49.0,-105.0,0
32958,7867,-10,-20,16948,-8.0,-2.0,4.0,-49.0,-105.0,0
33008,7973,-38,2,16930,-9.0,-2.0,4.0,-48.0,-105.0,0
33058,7995,-20,-18,16926,-9.0,-2.0,3.0,-48.0,-104.0,0
33108,7899,-20,2,16908,-10.0,-2.0,3.0,-48.0,-105.0,0
33158,8071,-26,-18,16936,-8.0,-1.0,4.0,-48.0,-104.0,0
33208,8011,-18,-6,16934,-9.0,-1.0,4.0,-48.0,-104.0,0
33258,7980,-28,6,16940,-9.0,-2.0,3.0,-47.0,-105.0,0
33308,7929,-28,-14,16920,-9.0,-2.0,3.0,-47.0,-105.0,0
33358,7873,-26,14,16920,-9.0,-1.0,3.0,-47.0,-106.0,0
33408,7756,-10,-6,16908,-10.0,-3.0,4.0,-47.0,-106.0,0
33458,7600,-12,-10,16942,-10.0,-3.0,5.0,-48.0,-105.0,0
33508,7430,-8,-10,16934,-8.0,-1.0,4.0,-48.0,-105.0,0
33558,7429,-4,2,16926,-10.0,-2.0,3.0,-49.0,-106.0,0
33608,7450,-30,-14,16912,-9.0,-2.0,4.0,-48.0,-105.0,0
33658,7271,-4,-10,16924,-9.0,-2.0,3.0,-49.0,-105.0,0
33708,7226,-18,6,16934,-10.0,0.0,3.0,-49.0,-106.0,0
33758,7342,-26,-12,16926,-8.0,0.0,4.0,-49.0,-105.0,0
33808,7303,-4,2,16920,-8.0,-2.0,1.0,-49.0,-106.0,0
33858,7151,-46,4,16938,-8.0,-2.0,3.0,-48.0,-106.0,0
33908,6944,-24,-4,16944,-9.0,-3.0,4.0,-47.0,-106.0,0
33958,6933,-24,4,16930,-9.0,-2.0,2.0,-47.0,-106.0,0
34008,6830,-22,-14,16914,-8.0,-2.0,3.0,-47.0,-106.0,0
34058,6521,-36,-12,16916,-9.0,-3.0,3.0,-47.0,-105.0,0
34108,6648,-14,2,16942,-9.0,-2.0,4.0,-47.0,-106.0,0
34158,6574,-44,-18,16920,-10.0,-2.0,3.0,-46.0,-105.0,0
34208,6534,-20,-18,16914,-9.0,-3.0,5.0,-46.0,-104.0,0
34258,6435,-22,26,16914,-9.0,0.0,5.0,-46.0,-106.0,0
34308,6551,-16,-16,16912,-8.0,-2.0,3.0,-47.0,-105.0,0
34358,6528,-8,-10,16926,-8.0,-2.0,4.0,-47.0,-105.0,0
34408,6600,-22,-6,16924,-9.0,-2.0,3.0,-47.0,-105.0,0
34458,6587,-24,4,16928,-9.0,-3.0,3.0,-47.0,-106.0,0
34508,6532,-20,-24,16926,-9.0,-2.0,3.0,-47.0,-105.0,0
34558,6291,-24,-4,16932,-9.0,-2.0,4.0,-47.0,-105.0,0
34608,6291,-22,-24,16914,-9.0,-2.0,4.0,-47.0,-104.0,0
34658,6343,-14,-10,16912,-10.0,-1.0,3.0,-48.0,-104.0,0
34708,6570,-16,12,16938,-8.0,-1.0,5.0,-48.0,-105.0,0
34758,6866,-14,-4,16924,-8.0,-2.0,3.0,-48.0,-105.0,0
34808,7224,-10,0,16952,-7.0,-3.0,4.0,-49.0,-105.0,0
34858,7760,0,-14,16906,-7.0,-2.0,2.0,-49.0,-105.0,0
34908,9268,-40,-10,16926,4.0,-1.0,4.0,-48.0,-105.0,0
34958,13887,-12,26,16960,14.0,3.0,-1.0,-48.0,-106.0,0
35008,16863,-36,26,16922,8.0,5.0,1.0,-48.0,-108.0,0
35058,19352,-18,-2,16936,12.0,7.0,3.0,-48.0,-108.0,0
35108,21062,-86,114,16942,12.0,5.0,-1.0,-44.0,-113.0,0
35158,22062,-64,110,16870,13.0,4.0,-3.0,-43.0,-118.0,0
35208,22493,-78,80,16884,6.0,0.0,7.0,-40.0,-120.0,0
35258,22817,-78,126,16914,-6.0,0.0,2.0,-39.0,-125.0,0
35308,22969,-78,102,16944,-10.0,-2.0,7.0,-37.0,-127.0,0
35358,23044,-34,136,16890,-11.0,-2.0,2.0,-38.0,-131.0,0
35408,23112,-60,144,16890,-11.0,-4.0,4.0,-37.0,-135.0,0
35458,23167,-52,72,16822,-6.0,2.0,8.0,-37.0,-134.0,0
35508,23196,-10,130,16916,-8.0,0.0,-1.0,-39.0,-137.0,0
35558,23236,-32,92,16960,-11.0,-2.0,3.0,-40.0,-137.0,0
35608,23267,-58,166,16966,-10.0,-1.0,5.0,-39.0,-141.0,0
35658,23284,-38,110,16976,-9.0,-1.0,1.0,-40.0,-142.0,0
35708,23290,-44,152,16932,-16.0,-3.0,6.0,-40.0,-144.0,0
35758,23287,-26,138,16954,-14.0,-1.0,3.0,-41.0,-146.0,0
35808,23306,-74,102,16968,-10.0,-4.0,2.0,-39.0,-145.0,0
35858,23287,-56,114,16948,-11.0,1.0,2.0,-38.0,-145.0,0
35908,23283,-42,90,16872,-8.0,-3.0,2.0,-39.0,-144.0,0
35958,23261,-44,106,16954,-11.0,0.0,3.0,-39.0,-144.0,0
36008,23251,-58,98,16942,-11.0,-3.0,4.0,-38.0,-143.0,0
36058,23256,-28,126,17006,-14.0,-1.0,3.0,-39.0,-144.0,0
36108,23216,-44,114,17002,-15.0,-1.0,4.0,-39.0,-144.0,0
36158,23203,-64,142,16994,-11.0,-2.0,5.0,-38.0,-146.0,0
36208,23172,-56,100,17016,-11.0,0.0,4.0,-38.0,-145.0,0
36258,23143,-54,132,17006,-10.0,0.0,2.0,-38.0,-146.0,0
36308,23151,-58,92,17018,-15.0,-3.0,3.0,-37.0,-145.0,0
36358,23100,-58,102,17038,-13.0,-2.0,3.0,-37.0,-144.0,0
36408,23080,-64,90,16982,-11.0,-1.0,3.0,-36.0,-143.0,0
36458,23082,-62,106,17018,-13.0,-2.0,1.0,-36.0,-143.0,0
36508,23065,-64,110,17018,-11.0,-1.0,3.0,-35.0,-143.0,0
36558,23050,-60,122,17070,-11.0,-1.0,3.0,-35.0,-144.0,0
36608,23057,-52,100,17004,-13.0,0.0,2.0,-36.0,-144.0,0
36658,22999,-70,92,17042,-9.0,-1.0,4.0,-35.0,-143.0,0
36708,23012,-28,92,17030,-12.0,0.0,2.0,-36.0,-142.0,0
36758,22992,-38,102,17050,-12.0,-1.0,5.0,-37.0,-142.0,0
36808,22975,-48,90,17040,-9.0,-2.0,3.0,-37.0,-141.0,0
36858,22953,-38,92,17020,-12.0,2.0,3.0,-38.0,-141.0,0
36908,22937,-24,122,17022,-10.0,-2.0,3.0,-39.0,-142.0,0
36958,22538,-44,58,17018,-35.0,0.0,-2.0,-39.0,-140.0,0
37008,21521,-50,110,17102,-29.0,-4.0,4.0,-39.0,-140.0,0
37058,19772,-92,92,17050,-23.0,-8.0,5.0,-37.0,-140.0,0
37108,17802,-72,34,17520,-17.0,-2.0,3.0,-37.0,-140.0,0
37158,16068,-48,-18,16914,-17.0,-10.0,-1.0,-37.0,-134.0,0
37208,13584,-6,74,17200,-17.0,-6.0,1.0,-39.0,-133.0,0
37258,10740,-68,-28,16986,-17.0,-4.0,-7.0,-38.0,-128.0,0
37308,7927,-2,52,17100,-18.0,-6.0,6.0,-40.0,-128.0,0
37358,4831,-22,-48,16964,-13.0,-1.0,3.0,-41.0,-122.0,0
37408,4790,-22,10,17086,-11.0,-2.0,3.0,-42.0,-120.0,0
37458,4879,-68,-26,17012,-9.0,-4.0,-4.0,-41.0,-117.0,0
37508,5708,120,0,17042,-8.0,-3.0,-3.0,-49.0,-116.0,0
37558,6024,-156,48,17010,-8.0,-2.0,3.0,-42.0,-117.0,0
37608,6678,-16,-6,17024,-9.0,-3.0,3.0,-43.0,-115.0,0
37658,7328,-6,18,17000,-7.0,-3.0,3.0,-44.0,-115.0,0
37708,7542,-34,-42,16994,-11.0,-2.0,5.0,-44.0,-111.0,0
37758,8085,-8,16,17030,-9.0,-4.0,3.0,-45.0,-112.0,0
37808,8204,-22,-8,16988,-10.0,-2.0,5.0,-46.0,-111.0,0
37858,8363,-10,28,17006,-9.0,-1.0,5.0,-46.0,-111.0,0
37908,8183,-30,-10,16984,-10.0,0.0,4.0,-46.0,-110.0,0
37958,8214,4,20,16986,-8.0,-1.0,5.0,-48.0,-111.0,0
38008,8150,-16,-10,16982,-9.0,-3.0,6.0,-48.0,-110.0,0
38058,8158,-2,18,16978,-9.0,-2.0,3.0,-49.0,-110.0,0
38108,8098,-12,-18,16974,-10.0,-2.0,4.0,-49.0,-109.0,0
38158,8588,-32,2,16970,-11.0,-1.0,5.0,-48.0,-109.0,0
38208,8683,0,-2,16958,-8.0,-3.0,3.0,-49.0,-108.0,0
38258,8822,-22,-8,16978,-9.0,-3.0,3.0,-49.0,-108.0,0
38308,8815,-6,0,16960,-10.0,-2.0,2.0,-49.0,-108.0,0
38358,8861,-26,4,16968,-9.0,-3.0,4.0,-49.0,-108.0,0
38408,9136,-18,6,16946,-8.0,-1.0,4.0,-49.0,-108.0,0
38458,9177,-2,-4,16954,-9.0,-1.0,2.0,-50.0,-108.0,0
38508,9227,-10,16,16966,-10.0,-1.0,3.0,-50.0,-108.0,0
38558,9258,-20,-14,16936,-10.0,-2.0,5.0,-49.0,-108.0,0
38608,9307,-24,-2,16962,-8.0,0.0,4.0,-49.0,-107.0,0
38658,9356,-18,2,16956,-8.0,-2.0,3.0,-49.0,-107.0,0
38708,9425,-14,0,16932,-9.0,-2.0,7.0,-49.0,-107.0,0
38758,9545,-18,14,16938,-10.0,-2.0,5.0,-49.0,-108.0,0
38808,9680,-10,18,16958,-9.0,0.0,4.0,-49.0,-109.0,0
38858,9694,-18,-20,16936,-9.0,-2.0,4.0,-49.0,-108.0,0
38908,9499,-18,8,16950,-8.0,-3.0,4.0,-49.0,-108.0,0
38958,9620,-18,6,16926,-8.0,-2.0,5.0,-49.0,-108.0,0
39008,9604,-12,-6,16948,-11.0,-2.0,3.0,-49.0,-108.0,0
39058,9707,10,-14,16954,-8.0,-3.0,3.0,-50.0,-107.0,0
39108,9785,-34,20,16948,-8.0,-2.0,5.0,-49.0,-108.0,0
39158,10040,-2,2,16942,-9.0,-3.0,4.0,-50.0,-108.0,0
39208,10265,-14,-8,16940,-9.0,0.0,3.0,-50.0,-107.0,0
39258,10446,-24,20,16916,-8.0,-1.0,4.0,-49.0,-108.0,0
39308,10398,-24,-6,16930,-8.0,-2.0,4.0,-49.0,-108.0,0
39358,10467,-22,6,16912,-9.0,-3.0,4.0,-49.0,-108.0,0
39408,10381,-20,4,16918,-8.0,-2.0,3.0,-49.0,-108.0,0
39458,10384,-26,2,16930,-10.0,-1.0,4.0,-48.0,-108.0,0
39508,10428,-28,12,16934,-8.0,-3.0,4.0,-48.0,-109.0,0
39558,10523,-12,6,16926,-9.0,-2.0,2.0,-48.0,-109.0,0
39608,10521,-18,18,16948,-9.0,-2.0,3.0,-48.0,-109.0,0
39658,10406,-14,12,16918,-8.0,-2.0,3.0,-48.0,-110.0,0
39708,10510,-6,10,16926,-9.0,-1.0,5.0,-49.0,-110.0,0
39758,10315,-26,20,16910,-8.0,-1.0,4.0,-48.0,-110.0,0
39808,10239,-4,-4,16922,-9.0,0.0,3.0,-49.0,-110.0,0
39858,9992,-22,34,16924,-9.0,-2.0,5.0,-49.0,-111.0,0
39908,10026,-16,-6,16932,-10.0,-1.0,3.0,-49.0,-110.0,0
39958,9940,0,12,16894,-9.0,-2.0,5.0,-50.0,-110.0,0
40008,9679,-18,26,16920,-8.0,-1.0,3.0,-50.0,-111.0,0
40058,9728,-20,-8,16926,-9.0,-1.0,4.0,-49.0,-110.0,0
40108,9679,-24,10,16932,-8.0,-1.0,3.0,-49.0,-110.0,0
40158,9711,-6,-10,16922,-9.0,-1.0,4.0,-49.0,-109.0,0
40208,9633,-18,4,16914,-10.0,0.0,5.0,-49.0,-109.0,0
40258,9658,-22,-6,16938,-9.0,-2.0,4.0,-49.0,-109.0,0
40308,9525,-8,12,16918,-9.0,-2.0,4.0,-49.0,-109.0,0
40358,9543,-20,16,16920,-8.0,-2.0,4.0,-49.0,-109.0,0
40408,9570,-20,10,16932,-8.0,-4.0,3.0,-49.0,-110.0,0
40458,9599,-30,4,16914,-10.0,-2.0,4.0,-48.0,-109.0,0
40508,9447,-6,16,16894,-9.0,-2.0,4.0,-49.0,-110.0,0
40558,9539,12,8,16916,-9.0,-2.0,4.0,-50.0,-110.0,0
40608,9390,-22,-4,16932,-9.0,-1.0,2.0,-50.0,-109.0,0
40658,9467,-26,10,16942,-8.0,-2.0,4.0,-49.0,-109.0,0
40708,9403,-18,-16,16924,-9.0,-1.0,4.0,-49.0,-108.0,0
40758,9416,-8,2,16930,-9.0,-2.0,4.0,-49.0,-108.0,0
40808,9304,-14,12,16930,-9.0,-2.0,3.0,-50.0,-109.0,0
40858,9401,-14,0,16928,-9.0,-3.0,3.0,-50.0,-108.0,0
40908,9412,-6,20,16904,-9.0,0.0,4.0,-50.0,-109.0,0
40958,9431,-24,16,16946,-11.0,-2.0,3.0,-49.0,-110.0,0
41008,9443,-8,4,16906,-9.0,-2.0,5.0,-50.0,-110.0,0
41058,9412,-22,-6,16930,-9.0,-1.0,3.0,-49.0,-109.0,0
41108,9312,-26,10,16936,-9.0,-1.0,4.0,-49.0,-109.0,0
41158,9248,0,12,16944,-11.0,-2.0,5.0,-50.0,-109.0,0
41208,9064,0,0,16924,-9.0,-2.0,4.0,-50.0,-109.0,0
41258,9109,-42,-12,16918,-8.0,-2.0,3.0,-49.0,-108.0,0
41308,9044,-4,-2,16912,-9.0,-3.0,5.0,-50.0,-108.0,0
41358,9005,-24,-14,16916,-9.0,-2.0,3.0,-49.0,-107.0,0
41408,8818,-16,12,16932,-10.0,0.0,5.0,-49.0,-108.0,0
41458,8581,-2,18,16926,-9.0,-3.0,4.0,-50.0,-109.0,0
41508,8217,-16,16,16908,-9.0,-2.0,4.0,-50.0,-109.0,0
41558,8147,-8,18,16924,-9.0,-3.0,4.0,-50.0,-110.0,0
41608,8302,-42,-10,16908,-8.0,-2.0,4.0,-49.0,-109.0,0
41658,8722,-12,0,16942,-8.0,-2.0,3.0,-49.0,-109.0,0
41708,9860,-12,-12,16940,-1.0,0.0,2.0,-49.0,-108.0,0
41758,14566,-18,18,16954,8.0,2.0,4.0,-49.0,-109.0,0
41808,17204,-28,30,16930,8.0,8.0,-4.0,-48.0,-110.0,0
41858,19414,-56,74,16932,14.0,11.0,-6.0,-46.0,-113.0,0
41908,21002,-42,82,16908,12.0,5.0,3.0,-46.0,-116.0,0
41958,21835,-54,56,16942,3.0,3.0,2.0,-44.0,-118.0,0
42008,22468,-88,128,16930,14.0,4.0,3.0,-41.0,-123.0,0
42058,22807,-56,86,16872,-3.0,2.0,11.0,-40.0,-125.0,0
42108,22970,-110,182,16954,-9.0,-1.0,3.0,-37.0,-131.0,0
42158,23052,-104,108,16872,-9.0,-1.0,2.0,-34.0,-133.0,0
42208,23106,-76,166,16924,-7.0,-1.0,4.0,-33.0,-138.0,0
42258,23155,-78,108,16994,-14.0,-7.0,5.0,-33.0,-139.0,0
42308,23234,-76,136,16810,-7.0,-1.0,2.0,-32.0,-141.0,0
42358,23259,-44,146,16922,-13.0,-3.0,4.0,-33.0,-143.0,0
42408,23274,-60,86,16932,-12.0,-3.0,4.0,-33.0,-142.0,0
42458,23286,-72,144,17030,-11.0,-1.0,2.0,-33.0,-144.0,0
42508,23267,-54,130,16968,-11.0,-2.0,7.0,-33.0,-145.0,0
42558,23293,-42,160,16978,-12.0,-4.0,3.0,-34.0,-148.0,0
42608,23276,-64,90,16926,-7.0,1.0,1.0,-34.0,-146.0,0
42658,23260,-42,120,16938,-13.0,-2.0,4.0,-35.0,-146.0,0
42708,23270,-62,124,16926,-13.0,-3.0,1.0,-35.0,-147.0,0
42758,23251,-92,144,16960,-13.0,-3.0,3.0,-33.0,-148.0,0
42808,23271,-54,156,17020,-11.0,-2.0,4.0,-34.0,-150.0,0
42858,23243,-72,124,17042,-17.0,0.0,4.0,-33.0,-150.0,0
42908,23233,-54,134,17026,-13.0,1.0,3.0,-34.0,-150.0,0
42958,23234,-36,124,16972,-10.0,-1.0,3.0,-35.0,-150.0,0
43008,23225,-50,106,16964,-14.0,1.0,2.0,-35.0,-149.0,0
43058,23229,-42,136,16956,-12.0,-3.0,3.0,-36.0,-150.0,0
43108,23225,-52,104,16968,-12.0,-1.0,5.0,-36.0,-148.0,0
43158,23215,-68,142,16974,-12.0,0.0,3.0,-35.0,-149.0,0
43208,23141,-54,94,16996,-16.0,0.0,3.0,-36.0,-148.0,0
43258,23142,-62,112,16982,-9.0,-2.0,4.0,-35.0,-147.0,0
43308,23175,-78,116,17016,-13.0,-3.0,3.0,-34.0,-147.0,0
43358,23156,-58,132,17032,-9.0,-1.0,4.0,-34.0,-148.0,0
43408,23163,-26,98,17030,-12.0,1.0,3.0,-36.0,-147.0,0
43458,23164,-66,120,17014,-6.0,-1.0,2.0,-35.0,-147.0,0
43508,23179,-50,120,17032,-9.0,-2.0,3.0,-36.0,-147.0,0
43558,23143,-28,82,17012,-13.0,-1.0,2.0,-37.0,-145.0,0
43608,23110,-46,144,17046,-7.0,-4.0,3.0,-37.0,-147.0,0
43658,23111,-44,96,17048,-10.0,-2.0,3.0,-38.0,-146.0,0
43708,23113,-44,132,17052,-9.0,1.0,2.0,-38.0,-146.0,0
43758,23093,-32,82,16988,-12.0,-1.0,4.0,-39.0,-145.0,0
43808,22947,-46,96,17006,-19.0,-2.0,3.0,-39.0,-144.0,0
43858,22495,-60,94,17000,-24.0,-3.0,2.0,-38.0,-143.0,0
43908,22088,-30,110,17076,-25.0,-1.0,1.0,-39.0,-143.0,0
43958,20392,-4,16,16806,-28.0,-7.0,3.0,-41.0,-139.0,0
44008,16404,-370,272,16984,-42.0,-12.0,33.0,-25.0,-148.0,0
44058,12477,-2,-94,16900,-24.0,-11.0,16.0,-29.0,-137.0,0
44108,6617,582,-18,16968,-25.0,-10.0,126.0,-62.0,-131.0,0
44158,5146,-108,-32,17076,-19.0,-4.0,27.0,-56.0,-126.0,0
44208,3868,-134,196,17022,-16.0,-4.0,32.0,-49.0,-133.0,0
44258,4066,54,178,17026,-10.0,-8.0,-63.0,-52.0,-138.0,0
44308,3821,10,10,17046,-13.0,-1.0,-14.0,-53.0,-134.0,0
44358,3661,-44,-112,16988,-8.0,-6.0,-19.0,-51.0,-124.0,0
44408,3463,-22,-52,16994,-10.0,-3.0,4.0,-50.0,-119.0,0
44458,3712,-24,-24,16960,-8.0,1.0,-23.0,-50.0,-116.0,0
44508,3503,16,-52,17004,-9.0,-2.0,4.0,-51.0,-112.0,0
44558,3567,4,-32,16972,-5.0,-2.0,-29.0,-52.0,-110.0,0
44608,3769,44,-68,16986,-10.0,-3.0,-3.0,-55.0,-106.0,0
44658,3607,-26,-16,16994,-11.0,-4.0,4.0,-53.0,-105.0,0
44708,3136,8,-14,16984,-10.0,-3.0,4.0,-54.0,-105.0,0
44758,3282,-18,-26,16988,-9.0,-4.0,4.0,-53.0,-104.0,0
44808,3242,-124,136,16992,-14.0,-2.0,1.0,-47.0,-111.0,0
44858,3179,-26,-18,16972,-8.0,-3.0,4.0,-47.0,-110.0,0
44908,3162,18,-28,16976,-9.0,-3.0,5.0,-49.0,-108.0,0
44958,3142,-2,-28,16960,-8.0,-3.0,3.0,-50.0,-106.0,0
45008,3043,8,-10,16942,-9.0,-3.0,4.0,-51.0,-106.0,0
45058,3105,4,-12,16956,-7.0,-2.0,4.0,-52.0,-106.0,0
45108,3280,-12,-2,16930,-7.0,-2.0,4.0,-51.0,-106.0,0
45158,3291,-2,-20,16950,-9.0,-1.0,5.0,-52.0,-105.0,0
45208,3315,-18,8,16960,-8.0,-1.0,2.0,-51.0,-106.0,0
45258,3322,56,-18,16948,-8.0,-1.0,7.0,-55.0,-105.0,0
45308,3505,22,-16,16950,-7.0,-1.0,3.0,-56.0,-104.0,0
45358,3423,4,-16,16950,-9.0,-3.0,5.0,-56.0,-104.0,0
45408,3624,-12,8,1,,,,,,0
