ms,fsr,ax,ay,az,gx,gy,gz,tx100,ty100
6013,0,-158,-308,16816,-8,-2,0,-3,-3
6058,0,-186,-318,16758,1,-3,-7,-1,-2
6108,0,-154,-268,16768,9,-7,-3,-2,-4
6158,-1,-174,-264,16828,2,6,-2,-1,-6
6208,0,-160,-262,16768,-2,-3,-4,0,-8
6258,-1,-140,-260,16778,5,-11,4,-1,-9
6308,0,-168,-274,16784,-2,-8,6,-1,-10
6358,0,-134,-226,16728,-15,5,0,-2,-13
6408,0,-168,-230,16774,-2,-2,4,-1,-15
6458,0,-148,-256,16846,-3,-2,3,-2,-16
6508,0,88,60,16746,159,7,-30,-14,-33
6558,0,-38,-122,16772,160,-22,-20,-18,-38
6608,0,106,-18,16950,126,-22,25,-29,-47
6658,-1,-326,-4,16784,29,-24,3,-16,-56
6708,0,-212,138,16834,150,-70,83,-11,-71
6758,0,-80,294,16510,-19,6,-2,-13,-91
6808,-1,40,370,16848,-135,31,53,-22,-113
6858,0,114,1014,16450,-528,77,29,-33,-165
6908,-1,98,348,16710,-87,6,101,-41,-174
6958,0,-32,-1780,16650,-18,-13,104,-41,-72
7008,0,-106,-306,16664,-31,13,-12,-38,-62
7058,0,-166,-336,16804,1,2,3,-32,-51
7108,0,-168,-316,16762,-11,-2,3,-27,-44
7158,0,-124,-328,16770,-12,-6,4,-24,-36
7208,0,-162,-314,16778,-12,-6,2,-21,-31
7258,0,-160,-318,16778,-11,-1,2,-18,-26
7308,0,-168,-322,16758,-11,-4,3,-14,-22
7358,0,-136,-306,16796,-11,-1,3,-13,-19
7408,0,-158,-326,16778,-10,-3,3,-12,-15
7458,0,-154,-324,16812,-10,-3,3,-10,-13
7508,0,-168,-304,16742,-11,-3,3,-8,-11
7558,0,-174,-320,16800,-10,0,3,-6,-9
7608,0,-150,-326,16792,-7,-3,4,-6,-7
7658,0,-166,-324,16758,-10,-7,4,-5,-6
7708,0,-166,-322,16794,-8,1,4,-4,-4
7758,0,-166,-312,16782,-8,-1,3,-3,-4
7808,0,-158,-316,16768,-8,-2,2,-2,-3
7858,0,-158,-320,16768,-10,-3,4,-2,-2
7908,0,-178,-432,16670,15,-54,3,-1,3
7958,0,-134,-342,16632,15,-2,3,-2,4
8008,0,-160,-380,16690,3,-10,3,-2,7
8058,0,-130,-280,16774,9,0,3,-3,4
8108,0,-142,-300,16800,-1,-4,5,-3,3
8158,0,-148,-304,16860,3,3,3,-3,1
8208,0,-150,-318,16832,-15,-7,4,-3,1
8258,0,-178,-350,16764,-6,-11,5,-2,3
8308,0,-160,-294,16752,-15,-2,2,-2,1
8358,0,-130,-308,16758,-4,2,3,-3,1
8408,0,-164,-306,16778,-13,-5,2,-2,0
8458,0,-138,-304,16782,-8,-3,3,-3,0
8508,0,-154,-336,16774,-11,-3,4,-3,0
8558,-1,-148,-294,16790,-7,-2,2,-3,0
8608,0,-162,-322,16772,-8,-1,1,-2,0
8658,0,-144,-294,16796,-9,-2,2,-3,-1
8708,0,-164,-308,16772,-7,-2,4,-2,-1
8758,0,-144,-318,16784,-9,-2,4,-3,0
8808,0,-160,-322,16748,-11,-1,2,-2,0
8858,0,-152,-302,16768,-8,-2,3,-2,-1
8908,0,-150,-320,16772,-9,-2,5,-2,0
8958,0,-152,-312,16780,-9,-3,3,-2,0
9008,0,-158,-338,16774,-9,-3,3,-2,0
9058,0,-164,-314,16746,-6,-3,4,-2,0
9108,0,-160,-330,16770,-7,-2,4,-1,1
9158,0,-174,-324,16792,-8,-3,2,0,1
9208,0,-158,-312,16758,-9,-4,4,0,1
9258,0,-172,-326,16716,-9,-2,4,0,1
9308,0,-162,-310,16750,-7,-3,4,0,1
9358,0,-164,-314,16752,-7,-3,4,0,0
9408,0,-148,-312,16750,-9,-2,3,0,0
9458,0,-140,-310,16764,-8,-3,4,-1,0
9508,0,-174,-310,16780,-9,-2,3,0,0
9558,0,-150,-332,16762,-9,-2,3,-1,0
9608,0,-150,-308,16772,-8,-2,2,-1,0
9658,0,-178,-334,16766,-8,-3,3,0,1
9708,0,-172,-322,16790,-8,-2,3,0,1
9758,0,-132,-312,16782,-7,-3,4,-1,1
9808,0,-156,-308,16798,-8,-3,5,-1,0
9858,0,-162,-310,16794,-10,0,4,-1,0
9908,0,-152,-322,16750,-9,-4,3,-1,0
9958,0,-150,-326,16734,-8,-3,4,-1,0
10008,0,-168,-312,16790,-9,-3,3,-1,0
10058,0,-160,-314,16778,-9,-2,3,-1,0
10108,0,-152,-306,16728,-6,-4,4,-1,0
10158,0,-166,-310,16744,-10,-5,4,0,0
10208,0,-170,-328,16730,-10,-3,2,0,0
10258,0,-148,-312,16752,-9,-2,2,0,0
10308,0,-150,-318,16748,-10,-2,3,-1,0
10358,0,-150,-312,16758,-11,0,4,-1,0
10408,0,-168,-322,16766,-10,-1,5,-1,0
10458,0,-156,-326,16780,-9,-2,4,-1,0
10508,0,-132,-312,16750,-8,-4,2,-2,0
10558,0,-150,-328,16764,-10,-2,5,-2,1
10608,0,-138,-318,16748,-8,-2,4,-3,1
10658,0,-162,-316,16768,-8,-2,4,-2,1
10708,1814,-2044,858,19348,-46,-156,-9,-2,0
10758,3933,146,-68,16812,39,49,23,-17,-12
10808,10817,-22,30,16808,26,17,-10,-22,-27
10858,15798,-62,40,16816,37,14,-12,-23,-41
10908,18444,-54,142,16748,46,5,-4,-25,-59
10958,19883,-56,174,16782,18,0,-3,-27,-75
11008,20669,-40,182,16790,9,-1,-4,-29,-89
11058,20970,-60,208,16746,-4,0,-1,-30,-102
11108,21111,-40,172,16798,-12,-1,4,-31,-112
11158,21187,-32,190,16792,-13,-2,3,-33,-121
11208,21223,-40,172,16780,-16,-1,1,-34,-128
11258,21264,-50,170,16768,-14,0,3,-35,-133
11308,21274,-48,166,16770,-13,-1,4,-35,-138
11358,21273,-58,142,16748,-14,-2,4,-35,-141
11408,21283,-48,164,16762,-17,0,4,-36,-144
11458,21254,-60,172,16778,-16,-1,2,-35,-147
11508,21207,-46,152,16754,-19,-1,4,-36,-149
11558,21174,-66,134,16762,-12,-2,4,-35,-150
11608,21175,-66,136,16766,-13,-1,3,-35,-150
11658,21156,-48,142,16768,-11,-3,4,-35,-151
11708,21158,-30,138,16742,-11,-2,4,-37,-152
11758,21173,-54,136,16768,-8,-1,3,-37,-152
11808,21167,-52,128,16760,-13,-3,3,-37,-152
11858,21128,-64,140,16764,-11,-2,3,-36,-152
11908,21141,-52,144,16750,-10,-3,4,-36,-153
11958,21143,-48,138,16730,-10,-2,4,-36,-153
12008,21155,-72,112,16758,-8,-3,3,-35,-152
12058,21168,-50,120,16776,-12,-1,3,-36,-151
12108,21168,-64,142,16762,-12,-3,3,-35,-152
12158,21176,-72,132,16786,-8,0,4,-34,-152
12208,21191,-38,112,16786,-13,-1,2,-36,-151
12258,21185,-56,132,16786,-11,-3,5,-35,-151
12308,21201,-44,126,16764,-9,-2,3,-36,-151
12358,21217,-66,128,16772,-10,-3,4,-35,-151
12408,21158,-58,120,16782,-11,-3,3,-35,-151
12458,20964,-50,118,16754,-20,-4,3,-36,-150
12508,19553,-28,100,16790,-32,-21,-2,-37,-149
12558,3768,1160,2594,18880,693,122,-503,-37,-150
12608,0,-106,-732,15696,279,547,169,-34,-103
12658,0,-158,-288,16832,56,6,7,-29,-89
12708,0,-172,-258,16794,-24,3,4,-24,-79
12758,0,-158,-278,16796,-14,-6,5,-21,-69
12808,-1,-162,-292,16766,-10,-3,4,-17,-59
12858,0,-154,-300,16754,-11,-2,3,-15,-51
12908,0,-176,-276,16772,-11,-2,2,-12,-45
12958,-1,-134,-288,16754,-9,0,5,-11,-40
13008,0,-148,-292,16780,-10,-2,5,-10,-35
13058,0,-164,-292,16764,-11,-2,5,-9,-31
13108,0,-164,-302,16778,-9,-3,4,-7,-27
13158,0,-168,-284,16766,-9,-2,5,-6,-24
13208,0,-142,-300,16756,-8,-1,3,-6,-21
13258,-1,-160,-308,16748,-11,-3,2,-5,-18
13308,-1,-168,-280,16790,-9,0,3,-4,-17
13358,0,-142,-300,16760,-9,-3,3,-4,-15
13408,0,-146,-296,16766,-9,-1,2,-4,-14
13458,0,-164,-306,16790,-9,-3,4,-3,-12
13508,0,-154,-288,16772,-10,-2,4,-3,-12
13558,0,-168,-300,16764,-9,-1,2,-2,-11
13608,0,-158,-284,16770,-10,-2,3,-2,-11
13658,0,-162,-306,16746,-9,-2,3,-1,-9
13708,0,-158,-302,16750,-10,-2,3,-1,-9
13758,0,-148,-314,16744,-8,-3,4,-2,-7
13808,0,-168,-302,16746,-11,-3,3,-1,-7
13858,0,-164,-290,16766,-9,-3,3,-1,-7
13908,0,-162,-314,16752,-10,-3,3,0,-6
13958,-1,-162,-304,16766,-7,-2,3,0,-5
14008,0,-168,-302,16776,-11,-4,2,0,-5
14058,0,-172,-292,16772,-8,-1,2,0,-6
14108,0,-172,-308,16748,-8,-2,2,0,-5
14158,0,-168,-316,16768,-8,-2,2,1,-4
14208,0,-158,-310,16762,-8,-2,5,0,-4
14258,-1,-144,-310,16750,-9,-3,3,0,-3
14308,0,-172,-306,16774,-7,-1,4,0,-3
14358,0,-146,-306,16750,-9,-3,3,0,-3
14408,0,-154,-322,16756,-9,-2,4,0,-2
14458,0,-168,-304,16774,-8,-2,5,0,-2
14508,0,-140,-316,16782,-8,-2,3,-1,-2
14558,0,-156,-302,16766,-8,-1,2,-1,-2
14608,0,-160,-312,16778,-8,-3,4,-1,-2
14658,0,-156,-302,16764,-7,-2,3,-1,-2
14708,0,-160,-290,16782,-10,-1,3,-1,-3
14758,0,-164,-308,16764,-8,-2,3,0,-3
14808,0,-150,-304,16772,-9,-2,4,-1,-3
14858,0,-172,-280,16772,-8,-1,3,0,-4
14908,0,-154,-302,16784,-9,-2,4,0,-4
14958,0,-154,-310,16782,-9,-1,5,-1,-4
15008,0,-156,-292,16792,-10,-1,4,-1,-4
15058,0,-152,-294,16788,-8,-3,3,-1,-5
15108,0,-160,-296,16780,-8,-2,3,-1,-5
15158,0,-166,-290,16792,-9,-1,4,0,-5
15208,-1,-152,-304,16762,-9,-2,1,-1,-5
15258,0,-156,-304,16766,-11,-2,4,-1,-5
15308,0,-158,-312,16756,-9,-2,5,-1,-4
15358,0,-132,-310,16762,-8,-2,3,-2,-4
15408,0,-174,-312,16780,-8,-3,2,-1,-3
15458,0,-174,-304,16802,-8,-1,2,0,-3
15508,0,-162,-298,16796,-8,0,3,0,-4
15558,0,-162,-308,16794,-9,-4,3,0,-3
15608,0,-176,-312,16784,-8,-3,4,0,-3
15658,0,-174,-298,16788,-10,-2,2,1,-3
15708,0,-162,-302,16778,-9,-1,3,0,-3
15758,0,-158,-314,16786,-9,-3,3,0,-3
15808,0,-154,-302,16786,-8,-3,4,0,-3
15858,0,-148,-298,16784,-6,-2,3,0,-3
15908,0,-152,-296,16792,-8,-1,4,0,-4
15958,-1,-160,-296,16784,-8,-1,4,0,-4
16008,0,-162,-304,16768,-9,-2,4,0,-4
16058,0,-154,-318,16790,-9,-2,4,0,-3
16108,0,-162,-286,16780,-8,-4,3,0,-4
16158,0,-158,-296,16782,-8,-3,3,0,-4
16208,0,-154,-298,16774,-10,-1,3,-1,-5
16258,0,-150,-292,16792,-9,-3,3,-1,-5
16308,0,-166,-308,16788,-8,-2,3,0,-5
16358,0,-146,-310,16802,-9,-2,4,-1,-4
16408,0,-170,-308,16774,-10,-2,3,0,-4
16458,0,-164,-300,16774,-9,-1,4,0,-4
16508,0,-162,-312,16796,-9,-2,2,0,-3
16558,0,-164,-300,16790,-10,-3,4,0,-4
16608,0,-160,-312,16780,-8,-1,2,0,-3
16658,0,-152,-298,16770,-6,-2,4,0,-4
16708,172,-400,378,17472,316,-150,62,0,-8
16758,2024,76,52,16590,50,6,20,-11,-26
16808,4744,42,44,16800,-31,52,-11,-20,-40
16858,12155,-34,84,16760,4,22,11,-23,-54
16908,16088,-10,36,16814,8,16,6,-27,-64
16958,18684,-34,76,16796,3,7,3,-30,-75
17008,19657,-80,66,16778,-2,6,2,-29,-83
17058,20333,-38,86,16774,8,2,-2,-31,-91
17108,20803,-50,82,16776,-1,0,4,-32,-98
17158,21109,-68,104,16804,-4,1,3,-32,-104
17208,21335,-62,110,16804,-3,0,2,-32,-110
17258,21434,-62,120,16802,-3,-2,3,-32,-116
17308,21539,-56,130,16806,0,-3,3,-33,-121
17358,21625,-68,116,16774,-8,-2,3,-33,-125
17408,21671,-68,120,16786,-12,-1,3,-32,-129
17458,21706,-74,124,16782,-13,-3,3,-32,-132
17508,21730,-66,126,16772,-10,-1,4,-32,-134
17558,21750,-50,106,16804,-12,-3,3,-33,-136
17608,21784,-54,126,16780,-11,-1,3,-33,-138
17658,21816,-44,96,16774,-12,-3,3,-34,-138
17708,21840,-56,118,16802,-11,-1,3,-34,-140
17758,21832,-74,108,16776,-16,-2,3,-34,-140
17808,21790,-74,110,16782,-11,-1,2,-33,-141
17858,21778,-62,102,16792,-13,-2,4,-33,-141
17908,21748,-44,82,16798,-13,-1,2,-34,-140
17958,21738,-66,92,16788,-11,-1,3,-34,-140
18008,21735,-60,104,16796,-11,-1,2,-34,-140
18058,21728,-52,108,16790,-10,-2,3,-34,-141
18108,21730,-56,102,16792,-11,-1,3,-34,-141
18158,21768,-60,102,16796,-9,-1,3,-34,-141
18208,21785,-74,102,16802,-8,-2,4,-34,-141
18258,21803,-64,120,16808,-10,0,3,-33,-142
18308,21799,-62,108,16814,-7,-1,4,-33,-143
18358,21796,-56,102,16792,-8,-1,3,-34,-142
18408,21836,-54,98,16794,-8,-1,3,-34,-142
18458,21864,-70,102,16812,-9,-2,4,-34,-142
18508,21886,-76,114,16796,-9,-1,2,-33,-143
18558,21901,-80,122,16806,-9,-2,4,-32,-144
18608,21948,-74,112,16808,-8,-1,5,-32,-144
18658,21988,-54,102,16802,-7,-1,2,-32,-144
18708,22032,-60,134,16784,-12,-1,3,-33,-145
18758,22076,-80,94,16784,-12,-2,3,-32,-144
18808,22060,-76,112,16806,-12,-4,4,-31,-144
18858,21866,-66,106,16790,-23,-6,2,-31,-144
18908,21486,-54,82,16820,-25,-5,4,-32,-143
18958,19835,-42,102,16822,-53,-20,-1,-33,-143
19008,6840,634,1028,17654,27,69,-274,-38,-149
19058,18,940,4432,4540,-1535,-227,190,-39,-153
19108,0,-704,278,16960,321,-233,111,-5,-160
19158,0,-188,-106,17202,-89,7,2,-5,-158
19208,0,-156,-330,16796,-13,-4,3,-5,-134
19258,0,-198,-270,16802,-11,-4,3,-2,-116
19308,-1,-180,-290,16810,-15,-1,3,-1,-100
19358,0,-182,-294,16778,-14,-3,3,0,-86
19408,0,-166,-294,16794,-12,-3,4,0,-74
19458,0,-180,-272,16758,-11,1,3,1,-65
19508,0,-178,-308,16790,-10,-5,3,1,-56
19558,0,-186,-308,16794,-11,-2,5,2,-48
19608,-1,-176,-300,16794,-11,0,3,3,-41
19658,0,-168,-304,16772,-9,-2,4,3,-35
19708,0,-164,-288,16826,-9,0,4,2,-32
19758,0,-184,-322,16794,-9,-1,3,3,-26
19808,-1,-178,-296,16788,-8,-2,3,3,-23
19858,-1,-162,-242,17294,15,5,4,3,-23
19908,0,-202,-276,16864,-14,4,5,5,-22
19958,0,-182,-280,16812,-3,-12,2,5,-20
20008,0,-176,-328,16806,-12,-1,3,5,-17
20058,0,-190,-332,16774,-9,-2,2,6,-13
20108,0,-164,-284,16784,-9,-3,4,5,-13
20158,0,-196,-316,16788,-9,-2,4,6,-11
20208,0,-198,-302,16782,-12,-3,3,7,-10
20258,0,-180,-328,16780,-11,-1,3,7,-8
20308,-1,-178,-272,16774,-9,-2,4,6,-9
20358,0,-186,-306,16804,-10,-3,3,7,-8
20408,0,-176,-310,16796,-10,-3,3,6,-7
20458,0,-186,-324,16762,-8,-3,4,7,-5
20508,0,-182,-308,16794,-9,-3,2,7,-5
20558,0,-176,-312,16756,-8,-2,2,6,-4
20608,0,-190,-304,16792,-10,-3,4,7,-4
20658,0,-166,-320,16784,-10,-3,3,6,-3
20708,0,-172,-308,16794,-10,-1,5,6,-3
20758,0,-182,-322,16782,-8,-4,4,6,-2
20808,0,-176,-300,16800,-10,-2,4,6,-2
20858,0,-186,-310,16786,-8,-3,2,6,-2
20908,0,-160,-302,16764,-7,-1,5,5,-3
20958,0,-166,-316,16786,-4,0,3,4,-2
21008,0,-202,-284,16554,49,18,18,6,-3
21058,4,-356,136,17198,-104,130,12,14,-25
21108,4,-188,-152,16824,-54,20,-39,14,-30
21158,5,-270,-292,15616,168,-74,21,18,-25
21208,82,-14,-104,16906,67,-45,9,8,-32
21258,1748,-34,-102,16802,12,-9,7,0,-38
21308,2647,-42,4,16814,0,1,-5,-5,-49
21358,3295,-36,-14,16808,-9,-2,5,-11,-57
21408,4155,-48,-30,16818,-5,-4,-24,-15,-63
21458,4549,6,-20,16806,-9,-2,-1,-21,-69
21508,4713,-2,-36,16830,-9,-6,-3,-26,-73
21558,4982,-8,18,16822,-9,-7,-3,-30,-79
21608,5544,-32,-54,17030,39,-49,1,-32,-80
21658,5723,80,268,16650,457,-52,2,-39,-98
21708,5507,76,364,16854,34,-10,5,-46,-118
21758,5665,94,420,16744,18,16,2,-52,-138
21808,4743,72,354,16788,-215,48,-4,-56,-151
21858,4167,-10,110,17146,-102,9,2,-55,-150
21908,4064,0,34,16824,-66,10,0,-55,-146
21958,3879,-12,26,16824,-23,3,4,-54,-141
22008,3789,8,-8,16840,-10,-5,3,-55,-136
22058,4297,-2,18,16848,-9,-2,4,-55,-132
22108,4887,-6,14,16822,-9,-1,1,-54,-129
22158,5302,-2,10,16842,-10,1,0,-54,-126
22208,5654,-22,-26,16812,-10,2,0,-53,-122
22258,5982,-12,-10,16848,-11,0,4,-53,-119
22308,6123,-2,16,16842,-10,-3,4,-53,-118
22358,6219,-6,-10,16852,-10,-2,5,-53,-116
22408,6538,-16,-8,16846,-9,-3,3,-52,-114
22458,6827,18,-8,16854,-8,-1,5,-54,-113
22508,7149,-2,-10,16842,-8,0,4,-54,-112
22558,7385,-18,-14,16852,-9,-1,3,-53,-110
22608,7646,-16,-20,16844,-8,0,4,-52,-109
22658,7957,4,-4,16858,-8,-1,5,-53,-108
22708,8425,18,4,16858,-7,-2,4,-54,-108
22758,8947,-10,-16,16866,-8,-2,6,-54,-107
22808,9653,-6,6,16858,-7,1,8,-53,-108
22858,11510,-26,0,16848,3,0,7,-52,-108
22908,14553,14,-10,16902,6,3,2,-53,-107
22958,16593,-28,34,16850,7,3,1,-52,-109
23008,18279,-26,56,16864,5,6,1,-51,-111
23058,20029,-72,84,16848,11,1,-6,-48,-115
23108,20981,-62,56,16844,8,4,-4,-46,-117
23158,21757,-34,86,16868,24,14,6,-45,-120
23208,22226,-86,148,16818,5,0,3,-42,-125
23258,22554,-72,150,16798,1,2,1,-40,-130
23308,22763,-40,92,16794,8,4,6,-40,-131
23358,22895,-40,186,16830,-9,0,5,-41,-137
23408,23041,-60,218,16878,-22,-5,0,-40,-144
23458,23149,-52,152,16832,3,2,4,-39,-146
23508,23191,-22,188,16866,-12,0,5,-40,-150
23558,23222,-54,174,16860,-15,-2,8,-40,-152
23608,23262,-72,148,16812,-12,-3,1,-38,-153
23658,23303,-26,162,16842,-10,-2,2,-39,-154
23708,23279,-36,142,16772,-10,0,1,-40,-155
23758,23293,-52,154,16822,-24,-5,1,-39,-155
23808,23281,-48,152,16868,-14,-3,2,-39,-156
23858,23266,-66,140,16874,-20,-2,2,-38,-156
23908,23276,-48,142,16820,-9,0,2,-38,-156
23958,23258,-46,116,16874,-14,-2,3,-38,-154
24008,23218,-2,100,16868,-11,2,3,-41,-152
24058,23225,-72,128,16802,-11,-4,3,-39,-152
24108,23228,-12,116,16828,-9,0,2,-41,-151
24158,23231,-52,126,16898,-9,-1,1,-40,-151
24208,23277,-38,152,16882,-9,-2,4,-40,-152
24258,23286,-46,130,16920,-10,-2,2,-40,-152
24308,23265,-58,112,16860,-7,-2,3,-39,-151
24358,23268,-56,152,16946,-10,-1,3,-39,-152
24408,23255,-40,44,16854,-9,0,1,-39,-148
24458,23203,-36,150,16852,-14,0,4,-40,-149
24508,22834,-40,118,16858,-41,-2,-1,-40,-149
24558,22073,-114,164,17042,-30,-8,6,-36,-151
24608,19891,-54,98,16968,-47,-15,15,-36,-149
24658,13286,-344,590,16960,-34,-11,-145,-22,-173
24708,4960,598,-932,16848,-42,-13,-58,-57,-116
24758,1944,-230,-62,16982,-32,-5,46,-45,-111
24808,1719,14,232,16864,-12,-1,16,-47,-122
24858,1579,6,-52,16970,-4,-2,30,-48,-117
24908,1430,62,2,16918,-13,-7,33,-53,-116
24958,1738,0,10,16964,-11,-7,2,-53,-115
25008,2010,-4,-30,16918,-10,-2,6,-53,-112
25058,2427,42,-12,16938,-11,-3,12,-55,-111
25108,2224,8,-56,16932,-8,-6,6,-56,-108
25158,2325,6,-30,16956,-9,1,4,-56,-106
25208,2306,28,-24,16942,-6,-8,4,-57,-105
25258,2453,18,-26,16928,-12,-1,5,-57,-104
25308,2682,6,-6,16932,-7,-4,3,-57,-104
25358,3005,14,-38,16908,-10,-3,3,-58,-103
25408,3233,6,-4,16936,-8,-3,3,-57,-103
25458,2888,-28,-30,16906,-9,-2,4,-56,-102
25508,3118,4,-10,16920,-8,-2,3,-56,-102
25558,2986,8,-20,16934,-9,-3,4,-56,-102
25608,2957,4,2,16934,-9,-2,6,-56,-103
25658,2909,-8,-32,16904,-9,-2,5,-55,-102
25708,2910,8,0,16916,-9,-2,5,-56,-103
25758,3059,10,-22,16884,-10,-3,4,-56,-102
25808,3111,-18,-2,16912,-10,0,3,-55,-103
25858,3108,-14,-40,16898,-9,-3,3,-54,-102
25908,3122,-10,-14,16914,-10,-3,6,-54,-102
25958,2985,-10,-48,16910,-9,-3,2,-53,-100
26008,2828,-4,-24,16928,-10,-3,5,-53,-100
26058,2684,6,-32,16904,-12,1,3,-54,-99
26108,2533,-12,-32,16898,-9,-1,6,-53,-99
26158,2398,32,-74,16898,-9,-3,12,-55,-96
26208,2349,8,-92,16908,-10,-6,19,-55,-93
26258,2264,-16,2,16912,-10,-1,10,-54,-95
26308,2312,-8,-12,16904,-9,-3,9,-54,-97
26358,2325,16,-46,16922,-9,-2,13,-55,-96
26408,2326,8,6,16884,-10,-2,13,-55,-98
26458,2369,24,-90,16892,-10,-4,18,-56,-95
26508,2357,10,-16,16904,-9,-2,7,-57,-96
26558,2449,-4,4,16904,-7,-3,8,-56,-98
26608,2382,26,-38,16904,-9,-3,5,-57,-97
26658,2383,0,10,16884,-7,-2,15,-57,-99
26708,2374,46,-48,16890,-9,-2,5,-59,-98
26758,2522,-16,-8,16894,-9,-1,8,-57,-99
26808,2535,-42,30,16880,-7,-1,6,-55,-102
26858,2630,6,-26,16920,-7,-2,2,-55,-101
26908,2894,24,-18,16920,-7,-1,3,-56,-101
26958,3005,2,2,16916,-8,-2,3,-56,-102
27008,3097,16,-30,16896,-7,-1,3,-57,-101
27058,3080,16,-24,16902,-8,-3,2,-57,-101
27108,3126,2,-22,16908,-9,-1,3,-57,-101
27158,3167,-6,-6,16914,-8,-2,2,-56,-101
27208,3206,6,-30,16906,-10,0,0,-56,-101
27258,3210,6,-20,16930,-9,-2,2,-56,-101
27308,3207,8,-12,16890,-10,0,-6,-56,-101
27358,3249,-32,-4,16902,-8,-2,-5,-54,-102
27408,3208,4,-8,16924,-11,-1,-6,-55,-102
27458,3087,38,-22,16890,-9,-1,-6,-57,-102
27508,2941,76,-50,16924,-10,1,-12,-60,-100
27558,2992,30,-34,16912,-8,-1,-4,-61,-99
27608,3003,-52,24,16892,-11,-1,-1,-57,-102
27658,3091,28,-38,16906,-8,-2,-1,-58,-101
27708,2942,14,-32,16894,-9,-1,0,-58,-100
27758,2968,6,-14,16906,-9,-2,4,-58,-100
27808,2659,18,-26,16906,-10,-2,3,-58,-100
27858,2632,-6,-20,16922,-10,-3,4,-58,-100
27908,2444,10,-20,16884,-9,-1,4,-58,-100
27958,2504,-12,-34,16912,-9,-2,3,-57,-99
28008,2357,16,-34,16906,-11,-3,5,-57,-99
28058,2092,46,-46,16882,-9,-3,10,-59,-98
28108,1931,76,-56,16914,-11,-2,15,-62,-96
28158,1731,120,-108,16880,-9,-5,14,-67,-92
28208,1704,68,-14,16890,-10,-4,20,-69,-94
28258,1662,-116,68,16900,-9,-3,15,-61,-99
28308,1819,-6,-34,16900,-8,-2,3,-59,-99
28358,1955,-4,-22,16900,-7,-2,2,-58,-99
28408,2209,20,-28,16896,-9,-3,4,-59,-99
28458,2545,6,-48,16892,-9,-2,3,-59,-98
28508,2817,12,-40,16908,-9,-2,5,-59,-97
28558,3204,28,-32,16912,-8,-1,-1,-59,-97
28608,3834,-44,-26,16916,-7,0,4,-56,-97
28658,5128,22,-14,16898,0,-2,5,-57,-98
28708,7472,36,-54,16902,8,12,1,-59,-97
28758,12299,-40,16,16930,24,15,-7,-56,-99
28808,17248,-132,94,16936,14,16,2,-49,-105
28858,19757,-42,28,16846,5,6,4,-48,-107
28908,21174,-58,102,16906,12,5,-2,-46,-112
28958,22055,-72,56,16886,9,0,6,-43,-114
29008,22626,-26,134,16888,11,1,2,-44,-120
29058,22944,-84,122,16862,-5,-1,1,-41,-124
29108,23105,-40,70,16894,2,5,1,-41,-125
29158,23138,-46,162,16916,-9,-2,4,-41,-131
29208,23178,-40,88,16912,-8,0,-1,-41,-132
29258,23234,-54,118,16838,-9,-2,-1,-40,-134
29308,23259,-58,92,16866,-11,-3,6,-39,-135
29358,23314,-50,140,16852,-4,0,2,-39,-138
29408,23324,-36,108,16836,-9,0,5,-40,-139
29458,23349,-64,140,16948,-8,-2,2,-39,-141
29508,23371,-48,140,16924,-11,-1,4,-38,-143
29558,23380,-70,164,16948,-16,-3,3,-37,-146
29608,23409,-60,124,16948,-6,0,3,-37,-146
29658,23387,-30,82,16864,-10,1,2,-38,-145
29708,23403,-62,142,16912,-14,-4,1,-37,-146
29758,23379,-58,108,16880,-10,1,3,-37,-146
29808,23370,-28,156,16954,-15,-4,3,-38,-148
29858,23379,-50,100,16998,-12,-3,3,-38,-147
29908,23333,-24,124,16996,-10,1,4,-39,-147
29958,23319,-30,114,16968,-12,-2,4,-40,-147
30008,23305,-54,118,16984,-11,-3,4,-39,-147
30058,23281,-50,138,17012,-11,-1,2,-39,-148
30108,23264,-60,122,17010,-12,-2,3,-38,-148
30158,23211,-72,130,16966,-12,-2,3,-37,-148
30208,23178,-54,106,16996,-10,0,3,-37,-148
30258,23170,-42,86,17012,-9,-1,2,-38,-146
30308,23154,-92,146,16988,-12,-5,3,-35,-147
30358,22925,-72,114,16976,-36,1,1,-35,-147
30408,21825,-98,146,17130,-22,-6,1,-33,-149
30458,20573,-12,54,16998,-26,-3,5,-35,-145
30508,17418,-74,134,17084,-32,-11,12,-35,-146
30558,14340,-8,30,16970,-26,-7,-39,-37,-142
30608,11324,-120,122,17044,-18,1,-57,-34,-143
30658,8332,88,-160,16988,-18,-4,-37,-41,-129
30708,7776,-92,76,17004,-9,-3,-25,-39,-130
30758,8171,-6,2,16986,-10,-3,4,-41,-127
30808,9240,-24,20,17024,0,-2,5,-42,-125
30858,11387,8,18,17008,-9,-3,3,-44,-123
30908,11862,-32,26,16996,-7,-1,2,-44,-122
30958,12922,14,22,16994,-8,-2,3,-46,-121
31008,13668,-36,0,16982,-6,-2,3,-46,-119
31058,13969,-8,20,16994,-10,-1,3,-47,-118
31108,14019,-22,22,16990,-10,-1,3,-47,-117
31158,13693,-16,30,16970,-12,-3,3,-47,-117
31208,13566,-24,22,16956,-11,-1,3,-47,-117
31258,13146,-26,26,16978,-12,-1,4,-47,-117
31308,12787,-22,6,16972,-12,-2,4,-47,-116
31358,12052,-24,4,16938,-11,-3,5,-47,-115
31408,11270,-22,14,16964,-12,-3,4,-47,-114
31458,10858,-16,8,16958,-9,0,5,-47,-114
31508,10435,-28,32,16970,-11,-3,6,-47,-114
31558,10586,-6,4,16934,-9,-3,4,-48,-113
31608,10542,-32,10,16968,-10,-2,4,-47,-113
31658,10397,-16,6,16972,-11,-2,4,-47,-112
31708,9584,-22,-4,16970,-11,-1,3,-47,-111
31758,9054,-4,-16,16972,-11,-3,4,-48,-110
31808,8837,-26,4,16980,-11,-2,4,-48,-110
31858,9066,-24,-6,16942,-9,-2,5,-48,-109
31908,9186,-10,-6,16954,-10,-1,4,-48,-108
31958,9331,-30,-6,16972,-9,-2,5,-48,-108
32008,9312,0,-4,16936,-10,-2,4,-49,-108
32058,9266,-20,-14,16948,-9,-2,3,-48,-107
32108,9222,-20,-6,16952,-9,-2,5,-48,-107
32158,9217,-10,-8,16972,-9,-3,3,-49,-106
32208,9310,-10,-10,16942,-8,-3,4,-49,-106
32258,9080,-30,-8,16956,-12,0,2,-48,-106
32308,9099,-14,-16,16954,-9,1,3,-49,-105
32358,9143,-16,-12,16946,-9,-4,4,-49,-105
32408,9711,-10,2,16942,-7,-5,4,-49,-105
32458,9631,2,-8,16924,-9,-2,3,-50,-105
32508,9066,12,0,16958,-8,-2,4,-51,-105
32558,8713,-16,0,16956,-9,-3,5,-51,-106
32608,8289,-6,-6,16966,-11,-2,4,-51,-106
32658,7882,-26,-6,16928,-8,-2,4,-50,-106
32708,7953,-22,0,16914,-8,-1,4,-50,-106
32758,7852,-30,6,16954,-8,0,4,-49,-106
32808,7918,-26,-14,16910,-9,-2,3,-49,-106
32858,7865,-24,0,16930,-9,-2,4,-48,-106
32908,7868,-10,-16,16924,-9,-2,5,-49,-105
32958,7867,-10,-20,16948,-8,-2,4,-49,-105
33008,7973,-38,2,16930,-9,-2,4,-48,-105
33058,7995,-20,-18,16926,-9,-2,3,-48,-104
33108,7899,-20,2,16908,-10,-2,3,-48,-105
33158,8071,-26,-18,16936,-8,-1,4,-48,-104
33208,8011,-18,-6,16934,-9,-1,4,-48,-104
33258,7980,-28,6,16940,-9,-2,3,-47,-105
33308,7929,-28,-14,16920,-9,-2,3,-47,-105
33358,7873,-26,14,16920,-9,-1,3,-47,-106
33408,7756,-10,-6,16908,-10,-3,4,-47,-106
33458,7600,-12,-10,16942,-10,-3,5,-48,-105
33508,7430,-8,-10,16934,-8,-1,4,-48,-105
33558,7429,-4,2,16926,-10,-2,3,-49,-106
33608,7450,-30,-14,16912,-9,-2,4,-48,-105
33658,7271,-4,-10,16924,-9,-2,3,-49,-105
33708,7226,-18,6,16934,-10,0,3,-49,-106
33758,7342,-26,-12,16926,-8,0,4,-49,-105
33808,7303,-4,2,16920,-8,-2,1,-49,-106
33858,7151,-46,4,16938,-8,-2,3,-48,-106
33908,6944,-24,-4,16944,-9,-3,4,-47,-106
33958,6933,-24,4,16930,-9,-2,2,-47,-106
34008,6830,-22,-14,16914,-8,-2,3,-47,-106
34058,6521,-36,-12,16916,-9,-3,3,-47,-105
34108,6648,-14,2,16942,-9,-2,4,-47,-106
34158,6574,-44,-18,16920,-10,-2,3,-46,-105
34208,6534,-20,-18,16914,-9,-3,5,-46,-104
34258,6435,-22,26,16914,-9,0,5,-46,-106
34308,6551,-16,-16,16912,-8,-2,3,-47,-105
34358,6528,-8,-10,16926,-8,-2,4,-47,-105
34408,6600,-22,-6,16924,-9,-2,3,-47,-105
34458,6587,-24,4,16928,-9,-3,3,-47,-106
34508,6532,-20,-24,16926,-9,-2,3,-47,-105
34558,6291,-24,-4,16932,-9,-2,4,-47,-105
34608,6291,-22,-24,16914,-9,-2,4,-47,-104
34658,6343,-14,-10,16912,-10,-1,3,-48,-104
34708,6570,-16,12,16938,-8,-1,5,-48,-105
34758,6866,-14,-4,16924,-8,-2,3,-48,-105
34808,7224,-10,0,16952,-7,-3,4,-49,-105
34858,7760,0,-14,16906,-7,-2,2,-49,-105
34908,9268,-40,-10,16926,4,-1,4,-48,-105
34958,13887,-12,26,16960,14,3,-1,-48,-106
35008,16863,-36,26,16922,8,5,1,-48,-108
35058,19352,-18,-2,16936,12,7,3,-48,-108
35108,21062,-86,114,16942,12,5,-1,-44,-113
35158,22062,-64,110,16870,13,4,-3,-43,-118
35208,22493,-78,80,16884,6,0,7,-40,-120
35258,22817,-78,126,16914,-6,0,2,-39,-125
35308,22969,-78,102,16944,-10,-2,7,-37,-127
35358,23044,-34,136,16890,-11,-2,2,-38,-131
35408,23112,-60,144,16890,-11,-4,4,-37,-135
35458,23167,-52,72,16822,-6,2,8,-37,-134
35508,23196,-10,130,16916,-8,0,-1,-39,-137
35558,23236,-32,92,16960,-11,-2,3,-40,-137
35608,23267,-58,166,16966,-10,-1,5,-39,-141
35658,23284,-38,110,16976,-9,-1,1,-40,-142
35708,23290,-44,152,16932,-16,-3,6,-40,-144
35758,23287,-26,138,16954,-14,-1,3,-41,-146
35808,23306,-74,102,16968,-10,-4,2,-39,-145
35858,23287,-56,114,16948,-11,1,2,-38,-145
35908,23283,-42,90,16872,-8,-3,2,-39,-144
35958,23261,-44,106,16954,-11,0,3,-39,-144
36008,23251,-58,98,16942,-11,-3,4,-38,-143
36058,23256,-28,126,17006,-14,-1,3,-39,-144
36108,23216,-44,114,17002,-15,-1,4,-39,-144
36158,23203,-64,142,16994,-11,-2,5,-38,-146
36208,23172,-56,100,17016,-11,0,4,-38,-145
36258,23143,-54,132,17006,-10,0,2,-38,-146
36308,23151,-58,92,17018,-15,-3,3,-37,-145
36358,23100,-58,102,17038,-13,-2,3,-37,-144
36408,23080,-64,90,16982,-11,-1,3,-36,-143
36458,23082,-62,106,17018,-13,-2,1,-36,-143
36508,23065,-64,110,17018,-11,-1,3,-35,-143
36558,23050,-60,122,17070,-11,-1,3,-35,-144
36608,23057,-52,100,17004,-13,0,2,-36,-144
36658,22999,-70,92,17042,-9,-1,4,-35,-143
36708,23012,-28,92,17030,-12,0,2,-36,-142
36758,22992,-38,102,17050,-12,-1,5,-37,-142
36808,22975,-48,90,17040,-9,-2,3,-37,-141
36858,22953,-38,92,17020,-12,2,3,-38,-141
36908,22937,-24,122,17022,-10,-2,3,-39,-142
36958,22538,-44,58,17018,-35,0,-2,-39,-140
37008,21521,-50,110,17102,-29,-4,4,-39,-140
37058,19772,-92,92,17050,-23,-8,5,-37,-140
37108,17802,-72,34,17520,-17,-2,3,-37,-140
37158,16068,-48,-18,16914,-17,-10,-1,-37,-134
37208,13584,-6,74,17200,-17,-6,1,-39,-133
37258,10740,-68,-28,16986,-17,-4,-7,-38,-128
37308,7927,-2,52,17100,-18,-6,6,-40,-128
37358,4831,-22,-48,16964,-13,-1,3,-41,-122
37408,4790,-22,10,17086,-11,-2,3,-42,-120
37458,4879,-68,-26,17012,-9,-4,-4,-41,-117
37508,5708,120,0,17042,-8,-3,-3,-49,-116
37558,6024,-156,48,17010,-8,-2,3,-42,-117
37608,6678,-16,-6,17024,-9,-3,3,-43,-115
37658,7328,-6,18,17000,-7,-3,3,-44,-115
37708,7542,-34,-42,16994,-11,-2,5,-44,-111
37758,8085,-8,16,17030,-9,-4,3,-45,-112
37808,8204,-22,-8,16988,-10,-2,5,-46,-111
37858,8363,-10,28,17006,-9,-1,5,-46,-111
37908,8183,-30,-10,16984,-10,0,4,-46,-110
37958,8214,4,20,16986,-8,-1,5,-48,-111
38008,8150,-16,-10,16982,-9,-3,6,-48,-110
38058,8158,-2,18,16978,-9,-2,3,-49,-110
38108,8098,-12,-18,16974,-10,-2,4,-49,-109
38158,8588,-32,2,16970,-11,-1,5,-48,-109
38208,8683,0,-2,16958,-8,-3,3,-49,-108
38258,8822,-22,-8,16978,-9,-3,3,-49,-108
38308,8815,-6,0,16960,-10,-2,2,-49,-108
38358,8861,-26,4,16968,-9,-3,4,-49,-108
38408,9136,-18,6,16946,-8,-1,4,-49,-108
38458,9177,-2,-4,16954,-9,-1,2,-50,-108
38508,9227,-10,16,16966,-10,-1,3,-50,-108
38558,9258,-20,-14,16936,-10,-2,5,-49,-108
38608,9307,-24,-2,16962,-8,0,4,-49,-107
38658,9356,-18,2,16956,-8,-2,3,-49,-107
38708,9425,-14,0,16932,-9,-2,7,-49,-107
38758,9545,-18,14,16938,-10,-2,5,-49,-108
38808,9680,-10,18,16958,-9,0,4,-49,-109
38858,9694,-18,-20,16936,-9,-2,4,-49,-108
38908,9499,-18,8,16950,-8,-3,4,-49,-108
38958,9620,-18,6,16926,-8,-2,5,-49,-108
39008,9604,-12,-6,16948,-11,-2,3,-49,-108
39058,9707,10,-14,16954,-8,-3,3,-50,-107
39108,9785,-34,20,16948,-8,-2,5,-49,-108
39158,10040,-2,2,16942,-9,-3,4,-50,-108
39208,10265,-14,-8,16940,-9,0,3,-50,-107
39258,10446,-24,20,16916,-8,-1,4,-49,-108
39308,10398,-24,-6,16930,-8,-2,4,-49,-108
39358,10467,-22,6,16912,-9,-3,4,-49,-108
39408,10381,-20,4,16918,-8,-2,3,-49,-108
39458,10384,-26,2,16930,-10,-1,4,-48,-108
39508,10428,-28,12,16934,-8,-3,4,-48,-109
39558,10523,-12,6,16926,-9,-2,2,-48,-109
39608,10521,-18,18,16948,-9,-2,3,-48,-109
39658,10406,-14,12,16918,-8,-2,3,-48,-110
39708,10510,-6,10,16926,-9,-1,5,-49,-110
39758,10315,-26,20,16910,-8,-1,4,-48,-110
39808,10239,-4,-4,16922,-9,0,3,-49,-110
39858,9992,-22,34,16924,-9,-2,5,-49,-111
39908,10026,-16,-6,16932,-10,-1,3,-49,-110
39958,9940,0,12,16894,-9,-2,5,-50,-110
40008,9679,-18,26,16920,-8,-1,3,-50,-111
40058,9728,-20,-8,16926,-9,-1,4,-49,-110
40108,9679,-24,10,16932,-8,-1,3,-49,-110
40158,9711,-6,-10,16922,-9,-1,4,-49,-109
40208,9633,-18,4,16914,-10,0,5,-49,-109
40258,9658,-22,-6,16938,-9,-2,4,-49,-109
40308,9525,-8,12,16918,-9,-2,4,-49,-109
40358,9543,-20,16,16920,-8,-2,4,-49,-109
40408,9570,-20,10,16932,-8,-4,3,-49,-110
40458,9599,-30,4,16914,-10,-2,4,-48,-109
40508,9447,-6,16,16894,-9,-2,4,-49,-110
40558,9539,12,8,16916,-9,-2,4,-50,-110
40608,9390,-22,-4,16932,-9,-1,2,-50,-109
40658,9467,-26,10,16942,-8,-2,4,-49,-109
40708,9403,-18,-16,16924,-9,-1,4,-49,-108
40758,9416,-8,2,16930,-9,-2,4,-49,-108
40808,9304,-14,12,16930,-9,-2,3,-50,-109
40858,9401,-14,0,16928,-9,-3,3,-50,-108
40908,9412,-6,20,16904,-9,0,4,-50,-109
40958,9431,-24,16,16946,-11,-2,3,-49,-110
41008,9443,-8,4,16906,-9,-2,5,-50,-110
41058,9412,-22,-6,16930,-9,-1,3,-49,-109
41108,9312,-26,10,16936,-9,-1,4,-49,-109
41158,9248,0,12,16944,-11,-2,5,-50,-109
41208,9064,0,0,16924,-9,-2,4,-50,-109
41258,9109,-42,-12,16918,-8,-2,3,-49,-108
41308,9044,-4,-2,16912,-9,-3,5,-50,-108
41358,9005,-24,-14,16916,-9,-2,3,-49,-107
41408,8818,-16,12,16932,-10,0,5,-49,-108
41458,8581,-2,18,16926,-9,-3,4,-50,-109
41508,8217,-16,16,16908,-9,-2,4,-50,-109
41558,8147,-8,18,16924,-9,-3,4,-50,-110
41608,8302,-42,-10,16908,-8,-2,4,-49,-109
41658,8722,-12,0,16942,-8,-2,3,-49,-109
41708,9860,-12,-12,16940,-1,0,2,-49,-108
41758,14566,-18,18,16954,8,2,4,-49,-109
41808,17204,-28,30,16930,8,8,-4,-48,-110
41858,19414,-56,74,16932,14,11,-6,-46,-113
41908,21002,-42,82,16908,12,5,3,-46,-116
41958,21835,-54,56,16942,3,3,2,-44,-118
42008,22468,-88,128,16930,14,4,3,-41,-123
42058,22807,-56,86,16872,-3,2,11,-40,-125
42108,22970,-110,182,16954,-9,-1,3,-37,-131
42158,23052,-104,108,16872,-9,-1,2,-34,-133
42208,23106,-76,166,16924,-7,-1,4,-33,-138
42258,23155,-78,108,16994,-14,-7,5,-33,-139
42308,23234,-76,136,16810,-7,-1,2,-32,-141
42358,23259,-44,146,16922,-13,-3,4,-33,-143
42408,23274,-60,86,16932,-12,-3,4,-33,-142
42458,23286,-72,144,17030,-11,-1,2,-33,-144
42508,23267,-54,130,16968,-11,-2,7,-33,-145
42558,23293,-42,160,16978,-12,-4,3,-34,-148
42608,23276,-64,90,16926,-7,1,1,-34,-146
42658,23260,-42,120,16938,-13,-2,4,-35,-146
42708,23270,-62,124,16926,-13,-3,1,-35,-147
42758,23251,-92,144,16960,-13,-3,3,-33,-148
42808,23271,-54,156,17020,-11,-2,4,-34,-150
42858,23243,-72,124,17042,-17,0,4,-33,-150
42908,23233,-54,134,17026,-13,1,3,-34,-150
42958,23234,-36,124,16972,-10,-1,3,-35,-150
43008,23225,-50,106,16964,-14,1,2,-35,-149
43058,23229,-42,136,16956,-12,-3,3,-36,-150
43108,23225,-52,104,16968,-12,-1,5,-36,-148
43158,23215,-68,142,16974,-12,0,3,-35,-149
43208,23141,-54,94,16996,-16,0,3,-36,-148
43258,23142,-62,112,16982,-9,-2,4,-35,-147
43308,23175,-78,116,17016,-13,-3,3,-34,-147
43358,23156,-58,132,17032,-9,-1,4,-34,-148
43408,23163,-26,98,17030,-12,1,3,-36,-147
43458,23164,-66,120,17014,-6,-1,2,-35,-147
43508,23179,-50,120,17032,-9,-2,3,-36,-147
43558,23143,-28,82,17012,-13,-1,2,-37,-145
43608,23110,-46,144,17046,-7,-4,3,-37,-147
43658,23111,-44,96,17048,-10,-2,3,-38,-146
43708,23113,-44,132,17052,-9,1,2,-38,-146
43758,23093,-32,82,16988,-12,-1,4,-39,-145
43808,22947,-46,96,17006,-19,-2,3,-39,-144
43858,22495,-60,94,17000,-24,-3,2,-38,-143
43908,22088,-30,110,17076,-25,-1,1,-39,-143
43958,20392,-4,16,16806,-28,-7,3,-41,-139
44008,16404,-370,272,16984,-42,-12,33,-25,-148
44058,12477,-2,-94,16900,-24,-11,16,-29,-137
44108,6617,582,-18,16968,-25,-10,126,-62,-131
44158,5146,-108,-32,17076,-19,-4,27,-56,-126
44208,3868,-134,196,17022,-16,-4,32,-49,-133
44258,4066,54,178,17026,-10,-8,-63,-52,-138
44308,3821,10,10,17046,-13,-1,-14,-53,-134
44358,3661,-44,-112,16988,-8,-6,-19,-51,-124
44408,3463,-22,-52,16994,-10,-3,4,-50,-119
44458,3712,-24,-24,16960,-8,1,-23,-50,-116
44508,3503,16,-52,17004,-9,-2,4,-51,-112
44558,3567,4,-32,16972,-5,-2,-29,-52,-110
44608,3769,44,-68,16986,-10,-3,-3,-55,-106
44658,3607,-26,-16,16994,-11,-4,4,-53,-105
44708,3136,8,-14,16984,-10,-3,4,-54,-105
44758,3282,-18,-26,16988,-9,-4,4,-53,-104
44808,3242,-124,136,16992,-14,-2,1,-47,-111
44858,3179,-26,-18,16972,-8,-3,4,-47,-110
44908,3162,18,-28,16976,-9,-3,5,-49,-108
44958,3142,-2,-28,16960,-8,-3,3,-50,-106
45008,3043,8,-10,16942,-9,-3,4,-51,-106
45058,3105,4,-12,16956,-7,-2,4,-52,-106
45108,3280,-12,-2,16930,-7,-2,4,-51,-106
45158,3291,-2,-20,16950,-9,-1,5,-52,-105
45208,3315,-18,8,16960,-8,-1,2,-51,-106
45258,3322,56,-18,16948,-8,-1,7,-55,-105
45308,3505,22,-16,16950,-7,-1,3,-56,-104
45358,3423,4,-16,16950,-9,-3,5,-56,-104
45408,3624,-12,8,1